Div,Date,HomeTeam,AwayTeam,FTHG,FTAG,FTR,HTHG,HTAG,HTR,HS,AS,HST,AST,HF,AF,HC,AC,HY,AY,HR,AR,B365H,B365D,B365A,BWH,BWD,BWA,IWH,IWD,IWA,PSH,PSD,PSA,WHH,WHD,WHA,VCH,VCD,VCA,Bb1X2,BbMxH,BbAvH,BbMxD,BbAvD,BbMxA,BbAvA,BbOU,BbMx>2.5,BbAv>2.5,BbMx<2.5,BbAv<2.5,BbAH,BbAHh,BbMxAHH,BbAvAHH,BbMxAHA,BbAvAHA,PSCH,PSCD,PSCA
SP1,17/08/2018,Betis,Levante,0,3,A,0,1,A,22,6,8,4,10,10,5,3,0,2,0,0,1.66,4,5,1.7,3.7,5.25,1.75,3.6,4.9,1.69,4.19,5.11,1.67,3.9,4.75,1.67,4.2,5.2,40,1.75,1.68,4.25,4,5.25,4.95,38,1.82,1.76,2.15,2.06,20,-0.75,1.89,1.85,2.07,2,1.59,4.42,5.89
SP1,17/08/2018,Girona,Valladolid,0,0,D,0,0,D,13,2,1,1,21,20,3,2,1,1,0,0,1.75,3.6,5,1.75,3.5,5.25,1.8,3.6,4.5,1.8,3.7,4.99,1.75,3.6,4.6,1.8,3.7,4.8,40,1.85,1.78,3.83,3.6,5.27,4.79,38,2.21,2.13,1.78,1.71,20,-0.75,2.06,2.01,1.9,1.85,1.76,3.57,5.62
SP1,18/08/2018,Barcelona,Alaves,3,0,H,0,0,D,25,3,9,0,6,13,7,1,0,2,0,0,1.11,10,21,1.11,10,20,1.12,9,20,1.11,11.27,25.4,1.08,9,29,1.1,10.5,34,40,1.13,1.1,11.5,9.82,41,25.67,32,1.39,1.34,3.4,3.18,19,-2.5,1.95,1.91,2,1.95,1.1,11.85,32.17
SP1,18/08/2018,Celta,Espanol,1,1,D,0,1,A,12,14,2,5,13,14,8,7,3,2,0,0,1.85,3.5,4.5,1.91,3.4,4.25,1.9,3.5,4.1,1.93,3.64,4.27,1.91,3.5,4,1.93,3.5,4.4,38,1.97,1.9,3.73,3.53,4.5,4.2,36,2.13,2.06,1.84,1.76,18,-0.75,2.26,2.18,1.74,1.71,2.18,3.26,3.85
SP1,18/08/2018,Villarreal,Sociedad,1,2,A,1,1,D,16,8,7,4,16,10,4,6,2,3,0,0,2.04,3.4,3.8,2.05,3.3,3.9,2,3.4,3.8,2.06,3.51,3.91,2.05,3.3,3.6,2.05,3.5,3.9,40,2.11,2.03,3.62,3.43,3.93,3.76,37,2.05,1.99,1.88,1.81,18,-0.25,1.76,1.74,2.23,2.14,2.32,3.21,3.53
SP1,19/08/2018,Eibar,Huesca,1,2,A,0,2,A,18,8,6,6,12,13,7,0,1,1,0,0,1.66,3.75,5.5,1.7,3.7,5.25,1.7,3.75,5,1.72,3.9,5.26,1.73,3.6,4.75,1.7,3.8,5,40,1.76,1.7,3.93,3.77,5.5,5.08,37,1.95,1.88,1.98,1.91,19,-0.75,1.96,1.91,2.01,1.94,1.77,3.68,5.32
SP1,19/08/2018,Real Madrid,Getafe,2,0,H,1,0,H,10,4,3,1,11,27,3,0,1,7,0,0,1.2,7,13,1.18,7.25,16,1.2,6.5,15,1.2,7.36,17.47,1.22,6,13,1.2,7,13,39,1.24,1.21,7.36,6.66,17.47,14.13,33,1.5,1.45,2.75,2.66,19,-1.75,1.85,1.8,2.15,2.07,1.19,7.77,17.96
SP1,19/08/2018,Vallecano,Sevilla,1,4,A,0,3,A,13,17,2,8,6,15,2,6,1,0,0,0,3.25,3.6,2.14,3.5,3.5,2.1,3.5,3.4,2.1,3.46,3.74,2.13,3.3,3.7,2.05,3.4,3.6,2.1,40,3.53,3.38,3.75,3.56,2.2,2.11,37,1.83,1.76,2.13,2.04,19,0.25,2.08,2.03,1.86,1.83,4.57,4.07,1.78
SP1,20/08/2018,Ath Bilbao,Leganes,2,1,H,1,1,D,17,12,5,2,12,13,6,2,4,5,0,0,1.75,3.3,5.5,1.78,3.5,5,1.85,3.5,4.4,1.79,3.54,5.46,1.8,3.4,4.75,1.8,3.4,5,40,1.85,1.78,3.64,3.43,5.5,5.03,36,2.49,2.35,1.64,1.58,18,-0.75,2.11,2.04,1.86,1.82,1.69,3.77,5.87
SP1,20/08/2018,Valencia,Ath Madrid,1,1,D,0,1,A,13,9,4,3,10,15,4,10,2,3,0,0,3,3.2,2.5,2.85,3.25,2.55,2.85,3.2,2.55,3.12,3.18,2.57,3,3.2,2.4,3,3.2,2.45,39,3.12,2.99,3.29,3.14,2.61,2.51,36,2.45,2.33,1.65,1.59,17,0.25,1.82,1.75,2.23,2.12,3.55,3.28,2.28
SP1,24/08/2018,Getafe,Eibar,2,0,H,1,0,H,7,9,4,0,14,11,5,5,2,1,0,0,1.95,3.2,4.33,1.95,3.3,4.2,2,3.2,4.2,2.01,3.35,4.43,1.95,3.1,4.33,2,3.25,4.5,40,2.06,1.98,3.35,3.22,4.5,4.32,36,2.75,2.62,1.53,1.47,19,-0.5,2.03,1.98,1.93,1.88,2.24,3.07,3.94
SP1,24/08/2018,Leganes,Sociedad,2,2,D,0,2,A,18,7,5,6,12,9,5,0,1,2,0,0,3.5,3.3,2.1,3.5,3.2,2.2,3.6,3.2,2.15,3.66,3.36,2.2,3.4,3.25,2.15,3.7,3.3,2.2,40,3.76,3.57,3.4,3.25,2.27,2.18,37,2.48,2.36,1.65,1.58,20,0.25,2.04,1.99,1.91,1.86,3.56,3.21,2.31
SP1,25/08/2018,Alaves,Betis,0,0,D,0,0,D,16,13,4,5,17,15,5,6,3,1,0,0,2.8,3.25,2.6,2.65,3.3,2.6,2.8,3.2,2.6,2.87,3.36,2.63,2.8,3.25,2.5,2.88,3.3,2.63,40,2.92,2.77,3.38,3.26,2.78,2.63,36,2.21,2.13,1.77,1.7,19,0,2.05,1.99,1.94,1.86,3.05,3.36,2.5
SP1,25/08/2018,Ath Madrid,Vallecano,1,0,H,0,0,D,9,13,2,3,7,8,8,5,1,1,0,0,1.16,7,21,1.17,7.25,18,1.17,7.2,18.5,1.16,8.09,24.21,1.14,7,21,1.17,7.5,23,41,1.19,1.16,8.18,7.39,24.21,20.03,36,1.61,1.57,2.54,2.38,20,-2,1.91,1.85,2.06,2,1.17,7.82,22.59
SP1,25/08/2018,Valladolid,Barcelona,0,1,A,0,0,D,7,10,4,5,13,11,6,10,1,1,0,0,17,7.5,1.16,15,7,1.19,13,7,1.2,19.07,8.18,1.18,17,7.5,1.15,21,7.5,1.18,41,21,16.55,8.4,7.56,1.2,1.17,34,1.47,1.42,2.94,2.8,20,2,2.13,2.07,1.83,1.79,18.04,7.67,1.19
SP1,26/08/2018,Espanol,Valencia,2,0,H,0,0,D,19,16,9,4,16,12,6,10,1,1,0,0,3.25,3.2,2.37,2.95,3.3,2.45,3.1,3.3,2.35,3.19,3.48,2.35,3.1,3.4,2.25,3.1,3.4,2.3,39,3.25,3.08,3.48,3.3,2.47,2.37,34,2.16,2.07,1.81,1.74,19,0.25,1.9,1.84,2.08,2.02,2.9,3.34,2.62
SP1,26/08/2018,Girona,Real Madrid,1,4,A,1,1,D,10,20,5,8,13,11,4,7,2,3,0,0,8,5.5,1.36,9.25,4.75,1.36,7,5.2,1.4,8.99,5.42,1.37,7,5.5,1.36,8.5,5.5,1.33,41,9.25,8.29,5.5,5.2,1.4,1.36,33,1.55,1.5,2.68,2.52,19,1.5,1.91,1.87,2.04,1.99,10.01,5.54,1.34
SP1,26/08/2018,Sevilla,Villarreal,0,0,D,0,0,D,19,14,2,6,13,14,4,5,3,2,0,0,1.72,4.2,4.33,1.72,3.9,4.75,1.75,3.9,4.45,1.79,3.98,4.7,1.75,3.9,4.33,1.73,3.9,4.6,41,1.83,1.76,4.2,3.87,4.75,4.51,37,1.77,1.71,2.22,2.12,20,-1,2.42,2.34,1.67,1.61,2.05,3.6,3.86
SP1,27/08/2018,Ath Bilbao,Huesca,2,2,D,0,0,D,14,9,4,4,17,17,3,2,2,2,0,0,1.61,3.6,6.5,1.6,3.75,6.5,1.63,3.8,5.7,1.64,3.8,6.45,1.65,3.6,5.5,1.62,3.8,6,41,1.68,1.63,3.95,3.75,6.5,5.95,38,2.1,2.01,1.85,1.79,20,-1,2.19,2.12,1.79,1.74,1.6,3.89,6.88
SP1,27/08/2018,Levante,Celta,1,2,A,0,2,A,15,21,6,9,14,8,7,7,2,3,0,0,2.4,3.25,3,2.5,3.25,2.95,2.45,3.25,2.95,2.52,3.31,3.08,2.45,3.25,2.9,2.45,3.3,3,41,2.6,2.49,3.41,3.25,3.09,2.93,36,2.1,2.03,1.84,1.78,18,-0.25,2.19,2.12,1.81,1.76,2.28,3.63,3.21
SP1,31/08/2018,Eibar,Sociedad,2,1,H,1,1,D,8,7,2,2,18,15,4,2,3,2,0,0,2.75,3.25,2.62,2.75,3.2,2.65,2.95,3.2,2.5,2.8,3.31,2.73,2.7,3.25,2.62,2.8,3.3,2.7,41,2.95,2.79,3.34,3.23,2.77,2.66,38,2.3,2.2,1.72,1.67,21,0.25,1.71,1.67,2.33,2.26,3.11,3.23,2.53
SP1,31/08/2018,Getafe,Valladolid,0,0,D,0,0,D,12,7,3,4,22,14,6,7,3,1,0,0,1.9,3.2,4.75,1.85,3.25,5,1.9,3.2,4.7,1.93,3.18,5.22,1.91,3.2,4.5,1.95,3.25,4.8,41,1.99,1.91,3.3,3.18,5.35,4.86,37,2.68,2.59,1.54,1.49,21,-0.5,1.95,1.91,2,1.96,2.08,3.07,4.55
SP1,31/08/2018,Villarreal,Girona,0,1,A,0,0,D,13,14,3,6,15,11,7,2,3,2,0,0,1.57,4,6,1.55,4.2,6,1.65,3.8,5.4,1.57,4.17,6.67,1.57,4,5.8,1.57,4.2,6.5,41,1.65,1.57,4.24,4.08,6.68,6.19,39,1.98,1.91,1.98,1.89,23,-1,2.01,1.97,1.94,1.88,1.52,4.54,6.81
SP1,01/09/2018,Celta,Ath Madrid,2,0,H,0,0,D,10,9,4,0,12,14,2,8,4,5,0,1,5.5,3.4,1.75,5,3.6,1.75,4.8,3.7,1.75,4.93,3.66,1.81,4.6,3.4,1.8,5,3.6,1.8,41,5.5,4.83,3.77,3.58,1.85,1.78,38,2.19,2.1,1.8,1.72,21,0.75,1.87,1.84,2.07,2.02,5.17,3.69,1.78
SP1,01/09/2018,Real Madrid,Leganes,4,1,H,1,1,D,17,8,8,3,11,11,8,1,1,1,0,0,1.12,9,21,1.12,8.75,23,1.12,9,20,1.13,9.73,25.14,1.1,9.5,21,1.11,10,31,41,1.14,1.12,10.3,9.31,31,23.88,34,1.38,1.33,3.4,3.23,21,-2.5,2.01,1.94,1.96,1.91,1.16,8.67,22.29
SP1,02/09/2018,Alaves,Espanol,2,1,H,0,1,A,8,11,5,7,19,13,0,12,4,3,0,0,2.9,3.1,2.54,2.85,3.1,2.65,2.7,3.1,2.8,2.93,3.16,2.71,2.88,3.2,2.5,2.9,3.1,2.6,39,3.06,2.91,3.2,3.08,2.8,2.63,34,2.71,2.56,1.56,1.5,20,0.25,1.74,1.7,2.28,2.2,3.19,3.25,2.47
SP1,02/09/2018,Barcelona,Huesca,8,2,H,3,2,H,31,7,15,3,6,12,9,4,1,2,0,0,1.08,11,29,1.06,12,36,1.07,13,26,1.09,13.22,30.82,1.05,13,34,1.06,13,41,41,1.1,1.07,15,12.43,52,33.38,35,1.24,1.21,4.7,4.3,21,-3,1.98,1.93,1.97,1.92,1.07,14.91,36.03
SP1,02/09/2018,Betis,Sevilla,1,0,H,0,0,D,11,8,3,2,15,17,5,8,3,6,0,1,2.8,3.5,2.45,2.8,3.5,2.45,2.8,3.4,2.5,2.77,3.87,2.46,2.7,3.5,2.5,2.7,3.75,2.4,41,2.86,2.75,3.87,3.62,2.54,2.44,37,1.62,1.58,2.46,2.36,20,0.25,1.79,1.75,2.19,2.13,2.84,3.6,2.53
SP1,02/09/2018,Levante,Valencia,2,2,D,2,1,H,13,18,4,5,14,10,3,5,4,2,1,0,3.75,3.4,2,3.7,3.3,2.1,3.4,3.3,2.2,3.61,3.59,2.13,3.4,3.6,2.05,3.6,3.6,2.1,41,3.8,3.51,3.69,3.5,2.2,2.09,39,1.91,1.82,2.07,1.99,21,0.25,2.11,2.06,1.85,1.81,3.6,3.54,2.15
SP1,14/09/2018,Huesca,Vallecano,0,1,A,0,1,A,14,14,4,2,16,18,6,3,2,1,0,0,2.14,3.5,3.4,2.1,3.6,3.4,2.2,3.55,3.2,2.26,3.57,3.3,2.2,3.5,3.1,2.2,3.7,3.3,36,2.3,2.2,3.7,3.51,3.41,3.28,33,1.93,1.85,2.09,1.96,19,-0.25,1.95,1.91,2.01,1.96,2.43,3.41,3.13
SP1,15/09/2018,Ath Bilbao,Real Madrid,1,1,D,1,0,H,11,16,3,6,18,6,1,2,6,2,0,0,6,4.33,1.53,5.5,4.4,1.57,5.2,4.45,1.57,5.46,4.7,1.58,5,4.5,1.57,5.75,4.5,1.57,39,6,5.47,4.7,4.46,1.6,1.57,38,1.53,1.48,2.71,2.59,23,1,1.99,1.94,1.95,1.91,6.5,4.43,1.53
SP1,15/09/2018,Ath Madrid,Eibar,1,1,D,0,0,D,18,12,9,3,5,21,14,3,2,2,0,0,1.36,4.33,12,1.36,4.6,10,1.35,4.7,10,1.36,4.78,11.13,1.36,4.5,9,1.4,4.75,9.5,39,1.41,1.37,4.82,4.56,12,10.12,38,2.1,2.03,1.85,1.79,23,-1.25,2,1.94,1.98,1.92,1.42,4,12.96
SP1,15/09/2018,Sociedad,Barcelona,1,2,A,1,0,H,8,12,5,6,18,8,1,6,1,1,0,0,7,5.25,1.4,7,5.25,1.4,6.5,4.7,1.45,7.05,5.46,1.41,6,4.8,1.44,7.5,5.25,1.4,39,7.5,6.8,5.46,5.08,1.48,1.42,30,1.48,1.44,2.88,2.72,23,1.25,2.04,1.98,1.95,1.88,8.62,5.22,1.38
SP1,15/09/2018,Valencia,Betis,0,0,D,0,0,D,12,11,2,6,22,9,5,4,6,3,0,0,1.75,3.75,4.75,1.75,3.9,4.5,1.7,3.75,5,1.75,4.06,4.72,1.75,3.75,4.4,1.75,3.9,4.8,39,1.8,1.75,4.06,3.84,5,4.65,38,1.76,1.71,2.25,2.13,22,-0.75,2,1.94,1.96,1.91,1.7,4.22,4.95
SP1,16/09/2018,Espanol,Levante,1,0,H,0,0,D,22,16,9,4,17,13,5,4,1,2,0,0,1.72,3.6,5.25,1.78,3.5,5,1.8,3.6,4.5,1.79,3.8,4.86,1.75,3.75,4.5,1.8,3.8,4.75,39,1.84,1.78,3.93,3.7,5.25,4.66,38,2.07,1.95,1.92,1.85,22,-0.75,2.08,2.01,1.89,1.85,1.66,4.15,5.39
SP1,16/09/2018,Leganes,Villarreal,0,1,A,0,0,D,16,9,3,3,16,9,6,1,4,3,0,0,3,3.1,2.54,3.1,3.1,2.5,3,3.1,2.5,3.08,3.19,2.59,2.9,3.2,2.5,3.1,3.2,2.55,39,3.1,3.02,3.27,3.13,2.63,2.53,37,2.5,2.36,1.65,1.59,21,0.25,1.79,1.75,2.19,2.13,2.99,3.28,2.59
SP1,16/09/2018,Sevilla,Getafe,0,2,A,0,2,A,15,10,1,5,10,22,7,1,3,6,0,0,1.55,4,7,1.53,4.1,6.5,1.57,4.05,5.9,1.56,4.18,6.65,1.57,3.9,5.8,1.57,4.1,6,39,1.61,1.56,4.19,4.01,7,6.25,38,1.98,1.9,2,1.9,23,-1,2.05,2,1.91,1.86,1.65,3.91,6.04
SP1,16/09/2018,Valladolid,Alaves,0,1,A,0,0,D,15,10,5,4,9,12,7,2,3,2,0,0,2.2,3.1,3.6,2.15,3.1,3.8,2.2,3.05,3.7,2.25,3.13,3.83,2.25,2.9,3.6,2.2,3.1,3.7,36,2.25,2.21,3.2,3.06,3.88,3.71,34,2.69,2.55,1.54,1.5,19,-0.25,1.92,1.89,2.02,1.99,2.19,3.15,3.97
SP1,17/09/2018,Girona,Celta,3,2,H,2,1,H,11,20,6,7,15,11,3,1,1,3,0,1,2.4,3.3,3,2.35,3.3,3.1,2.35,3.4,2.95,2.42,3.53,3.02,2.38,3.4,2.88,2.4,3.4,2.9,38,2.54,2.41,3.57,3.4,3.1,2.93,37,2,1.88,2.01,1.91,21,-0.25,2.11,2.06,1.85,1.81,2.28,3.62,3.18
SP1,21/09/2018,Huesca,Sociedad,0,1,A,0,0,D,13,7,3,1,16,12,7,5,5,3,0,2,3.6,3.4,2.1,3.6,3.4,2.1,3.3,3.4,2.2,3.75,3.53,2.1,3.5,3.4,2.1,3.7,3.5,2.1,38,3.8,3.62,3.55,3.4,2.2,2.1,37,2.13,2.04,1.87,1.78,20,0.25,2.13,2.07,1.85,1.82,3.49,3.4,2.25
SP1,22/09/2018,Celta,Valladolid,3,3,D,2,1,H,12,14,5,4,9,11,7,8,2,2,0,0,1.75,3.5,5.25,1.67,3.75,5.5,1.73,3.65,5,1.74,3.65,5.56,1.75,3.6,4.8,1.75,3.75,5.25,38,1.77,1.73,3.75,3.63,5.6,5.18,37,2.08,2.02,1.86,1.79,22,-1,2.41,2.33,1.66,1.63,1.76,3.54,5.56
SP1,22/09/2018,Eibar,Leganes,1,0,H,0,0,D,14,4,3,2,16,17,5,2,1,1,0,0,2.04,3.2,4,2.1,3.2,3.8,2.05,3.2,4,2.08,3.35,4.02,2.05,3.25,3.8,2.05,3.3,4.2,38,2.11,2.06,3.35,3.23,4.2,3.95,36,2.55,2.44,1.61,1.55,20,-0.25,1.8,1.76,2.19,2.12,2.18,3.04,4.12
SP1,22/09/2018,Getafe,Ath Madrid,0,2,A,0,1,A,11,7,2,4,12,15,1,5,1,2,1,0,5,3.3,1.8,5,3.2,1.85,5,3.2,1.85,5.22,3.32,1.86,4.75,3.3,1.83,5.2,3.3,1.87,38,5.3,5.04,3.32,3.23,1.92,1.86,34,2.8,2.68,1.5,1.45,20,0.75,1.78,1.75,2.18,2.13,6.34,3.22,1.79
SP1,22/09/2018,Real Madrid,Espanol,1,0,H,1,0,H,19,10,5,3,5,16,8,3,2,2,0,0,1.18,7,15,1.19,7.5,13.5,1.2,7,13,1.2,7.17,17.23,1.2,7,12,1.22,7,15,38,1.22,1.2,7.65,7.01,18.1,14.36,33,1.43,1.38,3.1,2.94,21,-2,2.02,1.97,1.92,1.89,1.27,6.39,11.1
SP1,22/09/2018,Vallecano,Alaves,1,5,A,1,2,A,13,11,4,7,14,12,8,4,1,2,1,0,2.04,3.4,3.6,2.15,3.3,3.6,2.2,3.4,3.3,2.16,3.54,3.53,2.1,3.4,3.5,2.15,3.5,3.6,38,2.2,2.12,3.6,3.41,3.7,3.55,37,2.16,2.08,1.8,1.74,21,-0.25,1.87,1.83,2.08,2.04,2.01,3.53,4.02
SP1,23/09/2018,Barcelona,Girona,2,2,D,1,1,D,22,7,11,6,9,16,8,2,3,5,1,0,1.08,11,21,1.08,11.5,26,1.1,9.1,28,1.08,13.12,36.83,1.07,11,26,1.06,12,36,37,1.1,1.08,13.25,11.57,36.83,27.69,33,1.22,1.2,4.75,4.36,19,-2.75,1.86,1.82,2.11,2.06,1.11,11.76,23.38
SP1,23/09/2018,Betis,Ath Bilbao,2,2,D,0,2,A,15,7,3,4,13,20,6,1,2,7,0,1,2.14,3.3,3.6,2.2,3.4,3.3,2.2,3.4,3.35,2.21,3.49,3.46,2.2,3.4,3.2,2.15,3.5,3.3,38,2.3,2.21,3.55,3.41,3.6,3.29,35,2.02,1.94,1.93,1.86,20,-0.25,1.93,1.9,2.01,1.97,2.16,3.41,3.72
SP1,23/09/2018,Levante,Sevilla,2,6,A,1,4,A,19,20,10,9,5,18,8,4,1,1,0,0,3.5,3.6,2.04,3.4,3.4,2.15,3.3,3.65,2.1,3.34,3.7,2.17,3.2,3.7,2.1,3.3,3.8,2.15,38,3.6,3.32,3.8,3.64,2.17,2.12,37,1.75,1.68,2.25,2.17,20,0.25,2.05,2,1.9,1.86,3.61,4,2
SP1,23/09/2018,Villarreal,Valencia,0,0,D,0,0,D,11,12,1,2,12,12,8,6,4,1,0,1,2.25,3.25,3.3,2.35,3.4,3,2.45,3.4,2.85,2.31,3.44,3.26,2.3,3.4,3,2.3,3.5,3.2,38,2.45,2.31,3.5,3.38,3.3,3.14,36,2,1.94,1.95,1.87,20,-0.25,2.02,1.98,1.93,1.89,2.26,3.34,3.54
SP1,25/09/2018,Ath Madrid,Huesca,3,0,H,3,0,H,17,8,5,1,1,14,4,3,0,2,0,0,1.22,6,15,1.22,6.25,15,1.22,6.2,13.5,1.24,6.1,16.21,1.25,5.8,13,1.25,6.25,15,40,1.27,1.24,6.5,5.99,17,14.4,39,1.83,1.75,2.15,2.06,21,-1.75,2.07,2.01,2,1.87,1.19,7.15,18.55
SP1,25/09/2018,Espanol,Eibar,1,0,H,0,0,D,9,8,5,1,8,8,4,3,2,2,0,0,1.9,3.3,4.5,1.91,3.3,4.4,1.95,3.2,4.4,1.96,3.33,4.63,1.95,3.3,4.2,1.95,3.3,4.6,40,2.01,1.94,3.4,3.27,4.8,4.44,38,2.5,2.39,1.62,1.57,20,-0.75,2.33,2.25,1.72,1.68,1.85,3.45,5.04
SP1,25/09/2018,Sociedad,Vallecano,2,2,D,1,2,A,16,11,6,6,12,18,8,5,4,3,0,0,1.61,4,5.5,1.62,4,5.5,1.65,4,5,1.69,3.98,5.41,1.67,4,5,1.67,4.1,5.4,40,1.7,1.65,4.4,4.01,5.71,5.29,38,1.86,1.76,2.2,2.06,22,-1,2.2,2.12,1.85,1.75,1.66,3.98,5.66
SP1,26/09/2018,Ath Bilbao,Villarreal,0,3,A,0,0,D,12,19,2,6,3,14,6,4,1,1,0,0,2.25,3.3,3.3,2.2,3.3,3.4,2.15,3.35,3.45,2.17,3.5,3.53,2.2,3.3,3.4,2.2,3.5,3.5,40,2.25,2.17,3.5,3.38,3.56,3.43,39,2.13,2.05,1.82,1.76,21,-0.25,1.9,1.87,2.04,2,2.21,3.45,3.52
SP1,26/09/2018,Leganes,Barcelona,2,1,H,0,1,A,10,9,6,5,15,11,4,5,4,2,0,0,12,6,1.25,10.5,6.25,1.26,11,6.1,1.25,12.3,6.21,1.27,9.5,6,1.29,11.5,6,1.29,40,13,10.97,6.55,5.98,1.31,1.27,35,1.55,1.5,2.63,2.52,20,1.5,2.12,2.07,1.85,1.8,12.58,5.98,1.27
SP1,26/09/2018,Sevilla,Real Madrid,3,0,H,3,0,H,16,21,7,3,16,12,5,6,3,4,0,0,4.33,4.2,1.72,4.33,4.2,1.72,4.05,4.2,1.75,4.23,4.27,1.79,3.9,4.2,1.8,4.33,4.4,1.75,40,4.33,4.16,4.4,4.23,1.81,1.76,35,1.45,1.42,2.88,2.79,22,1,1.72,1.66,2.32,2.26,4.44,4.29,1.76
SP1,26/09/2018,Valencia,Celta,1,1,D,1,0,H,14,9,5,3,18,7,0,2,1,3,0,0,1.66,4,4.75,1.7,4,4.75,1.85,3.8,4,1.71,4.17,4.84,1.73,4.2,4.4,1.73,4.2,4.75,39,1.85,1.72,4.2,4.04,4.84,4.58,37,1.67,1.62,2.38,2.26,21,-1,2.4,2.24,1.73,1.67,1.66,4.34,5.07
SP1,27/09/2018,Alaves,Getafe,1,1,D,0,0,D,15,13,2,5,8,22,5,7,4,2,0,0,2.8,3,2.75,2.8,3,2.75,2.8,2.9,2.85,2.84,3.02,2.89,2.8,3,2.8,2.8,3,2.8,40,2.85,2.8,3.1,2.97,2.91,2.82,36,2.85,2.67,1.48,1.45,20,-0.25,2.47,2.36,1.65,1.62,2.95,3.03,2.81
SP1,27/09/2018,Girona,Betis,0,1,A,0,0,D,8,14,2,6,17,14,5,1,1,3,0,0,2.5,3.3,2.87,2.55,3.4,2.75,2.5,3.4,2.8,2.55,3.54,2.82,2.5,3.5,2.75,2.5,3.5,2.75,40,2.57,2.51,3.54,3.42,2.87,2.8,38,1.98,1.89,1.98,1.9,20,-0.25,2.21,2.16,1.76,1.73,2.54,3.38,2.98
SP1,27/09/2018,Valladolid,Levante,2,1,H,0,0,D,20,9,6,4,17,10,8,6,1,4,0,1,2.04,3.5,3.6,2.05,3.5,3.6,2.05,3.45,3.6,2.09,3.64,3.63,2.1,3.5,3.5,2.05,3.5,3.6,39,2.11,2.07,3.65,3.51,3.75,3.56,37,2.07,1.99,1.87,1.81,20,-0.25,1.83,1.79,2.14,2.08,2.07,3.69,3.66
SP1,28/09/2018,Vallecano,Espanol,2,2,D,1,2,A,11,12,5,5,13,16,5,3,3,3,0,0,2.8,3.3,2.6,2.7,3.2,2.75,2.75,3.25,2.65,2.8,3.37,2.7,2.75,3.3,2.6,2.8,3.3,2.7,38,2.83,2.74,3.37,3.27,2.75,2.67,36,2.13,2.05,1.85,1.77,22,0.25,1.7,1.67,2.35,2.27,3.21,3.4,2.39
SP1,29/09/2018,Barcelona,Ath Bilbao,1,1,D,0,1,A,20,8,8,2,9,18,4,3,3,3,0,0,1.16,7.5,17,1.16,8,16.5,1.17,7.5,15,1.15,8.49,20.57,1.15,8.5,15,1.17,9,17,38,1.18,1.16,9,8.17,21,17.47,32,1.36,1.31,3.6,3.35,21,-2.25,1.97,1.92,2,1.94,1.22,6.63,16.12
SP1,29/09/2018,Eibar,Sevilla,1,3,A,0,0,D,15,7,2,5,16,9,6,3,2,3,0,0,3.3,3.4,2.2,3.2,3.5,2.2,3.2,3.4,2.25,3.26,3.54,2.27,3.2,3.4,2.25,3.3,3.4,2.3,38,3.3,3.22,3.54,3.41,2.31,2.25,36,2,1.95,1.93,1.85,21,0.25,1.95,1.92,2,1.95,3.24,3.66,2.25
SP1,29/09/2018,Real Madrid,Ath Madrid,0,0,D,0,0,D,15,8,6,3,7,17,8,6,3,4,0,0,2,3.5,3.75,2.1,3.4,3.6,2.1,3.4,3.5,2.11,3.38,3.85,2.1,3.5,3.4,2.1,3.5,3.7,38,2.15,2.09,3.6,3.42,3.9,3.64,36,1.95,1.88,2,1.92,22,-0.25,1.85,1.8,2.14,2.08,2.24,3.35,3.57
SP1,29/09/2018,Sociedad,Valencia,0,1,A,0,1,A,10,9,5,2,13,18,3,0,3,5,0,0,2.2,3.4,3.2,2.25,3.4,3.2,2.3,3.4,3.1,2.34,3.52,3.14,2.38,3.4,3,2.38,3.5,3.1,37,2.38,2.29,3.6,3.44,3.25,3.13,35,1.99,1.92,1.95,1.87,22,-0.25,2.04,1.99,1.95,1.87,2.52,3.28,3.09
SP1,30/09/2018,Betis,Leganes,1,0,H,0,0,D,17,11,4,5,7,10,7,1,0,4,0,0,1.64,3.8,5.5,1.67,3.8,5.25,1.67,3.75,5.3,1.69,3.91,5.5,1.7,3.7,5.25,1.67,3.8,5.4,38,1.75,1.68,4,3.76,5.6,5.3,36,2.1,2.04,1.85,1.78,22,-1,2.35,2.25,1.75,1.67,1.78,3.66,5.16
SP1,30/09/2018,Huesca,Girona,1,1,D,0,1,A,13,14,6,4,14,14,5,5,4,2,0,0,2.5,3.3,2.9,2.55,3.2,2.9,2.45,3.2,3,2.52,3.34,3,2.5,3.3,2.9,2.55,3.3,3,38,2.56,2.47,3.35,3.24,3.1,2.99,37,2.25,2.13,1.76,1.71,21,-0.25,2.17,2.12,1.82,1.77,2.61,3.36,2.92
SP1,30/09/2018,Levante,Alaves,2,1,H,2,1,H,14,14,4,2,22,19,9,4,7,1,0,0,2.14,3.5,3.3,2.2,3.3,3.4,2.15,3.4,3.35,2.22,3.52,3.39,2.2,3.4,3.3,2.15,3.5,3.3,38,2.25,2.19,3.52,3.38,3.55,3.38,35,2.1,2,1.87,1.81,21,-0.25,1.94,1.89,2.03,1.97,2.14,3.62,3.55
SP1,30/09/2018,Villarreal,Valladolid,0,1,A,0,0,D,27,9,7,3,17,12,7,2,3,3,0,0,1.53,4,6.5,1.55,3.9,6.75,1.55,4.05,6.2,1.55,4.18,6.89,1.57,4,6,1.53,4.1,6.5,38,1.6,1.55,4.25,4.03,7,6.42,36,2,1.96,1.9,1.84,23,-1,2.01,1.97,1.95,1.89,1.51,4.34,7.32
SP1,01/10/2018,Celta,Getafe,1,1,D,1,0,H,8,12,2,4,13,15,3,9,2,2,0,0,2,3.5,3.8,2,3.3,4,2,3.35,4,2.02,3.38,4.17,2.05,3.4,3.75,1.95,3.5,3.9,37,2.05,2,3.5,3.36,4.25,3.95,35,2.17,2.1,1.8,1.73,19,-0.75,2.37,2.32,1.66,1.64,2.31,3.26,3.46
SP1,05/10/2018,Ath Bilbao,Sociedad,1,3,A,1,1,D,13,6,5,3,15,19,11,0,6,5,0,0,2.04,3.4,3.8,2.05,3.4,3.75,2.2,3.2,3.5,2.1,3.48,3.81,2.1,3.4,3.6,2.1,3.4,3.8,37,2.2,2.08,3.55,3.39,3.9,3.73,36,2.13,2.06,1.85,1.76,17,-0.25,1.8,1.78,2.17,2.1,2.07,3.35,4.1
SP1,06/10/2018,Alaves,Real Madrid,1,0,H,0,0,D,8,13,4,6,20,10,4,3,1,0,0,0,9,4.75,1.36,7.75,4.75,1.4,7,4.5,1.45,8.47,5.06,1.4,7.5,5,1.4,8.5,5,1.4,37,9.5,8.13,5.5,4.94,1.45,1.39,32,1.6,1.53,1.66,1.59,18,1.25,2.15,2.06,1.88,1.8,10.23,5.11,1.35
SP1,06/10/2018,Getafe,Levante,0,1,A,0,0,D,15,12,4,3,17,18,10,2,4,5,1,0,1.72,3.6,5.25,1.72,3.6,5.25,1.75,3.7,4.8,1.7,3.91,5.41,1.75,3.5,5,1.73,3.8,5.2,37,1.79,1.73,3.95,3.71,5.43,5.1,35,2.05,1.95,1.93,1.85,20,-1,2.4,2.31,1.7,1.64,1.76,3.86,4.98
SP1,06/10/2018,Girona,Eibar,2,3,A,2,2,D,10,12,3,4,9,17,4,9,3,6,0,0,2.1,3.2,3.8,2.15,3.3,3.6,2.1,3.25,3.7,2.13,3.43,3.79,2.15,3.3,3.6,2.15,3.3,3.8,36,2.23,2.15,3.43,3.27,3.85,3.67,35,2.43,2.32,1.64,1.6,19,-0.25,1.86,1.83,2.11,2.05,2.33,3.25,3.48
SP1,06/10/2018,Leganes,Vallecano,1,0,H,1,0,H,13,6,4,2,12,12,6,4,1,4,0,1,2,3.3,4,2.1,3.25,3.75,2.1,3.3,3.6,2.1,3.42,3.9,2.1,3.25,3.75,2.15,3.3,3.8,37,2.15,2.09,3.42,3.3,4.01,3.78,36,2.3,2.2,1.71,1.67,18,-0.25,1.83,1.77,2.17,2.11,2.19,3.25,3.83
SP1,07/10/2018,Ath Madrid,Betis,1,0,H,0,0,D,13,5,5,0,16,10,6,4,5,3,0,0,1.44,4,9,1.48,3.9,8.25,1.5,3.9,7.6,1.5,4,8.86,1.52,4,7,1.5,4,7.5,37,1.55,1.49,4.2,3.95,9.3,8.15,36,2.3,2.19,1.72,1.67,20,-1,1.95,1.86,2.06,1.99,1.6,3.77,7.22
SP1,07/10/2018,Espanol,Villarreal,3,1,H,1,1,D,28,13,12,6,13,8,10,3,3,2,0,0,2.25,3.2,3.4,2.25,3.2,3.4,2.3,3.2,3.3,2.34,3.25,3.46,2.35,3.2,3.2,2.3,3.2,3.3,37,2.35,2.31,3.25,3.19,3.46,3.33,36,2.4,2.27,1.67,1.63,18,-0.25,2.03,1.97,1.95,1.9,2.4,3.25,3.34
SP1,07/10/2018,Sevilla,Celta,2,1,H,1,0,H,12,13,3,5,14,9,8,8,3,4,0,1,1.53,4.33,6,1.55,4.5,5.5,1.55,4.2,5.9,1.58,4.55,5.66,1.57,4.5,5.25,1.53,4.6,5.5,37,1.6,1.56,4.75,4.49,6,5.51,31,1.55,1.47,2.75,2.62,20,-1,1.93,1.89,2.01,1.96,1.47,5,6.58
SP1,07/10/2018,Valencia,Barcelona,1,1,D,1,1,D,10,10,3,5,11,6,5,2,2,2,0,0,4.75,4.2,1.64,4.6,4.1,1.7,4.6,4.3,1.65,4.98,4.16,1.7,4.5,4,1.73,4.6,4.2,1.67,37,5,4.68,4.33,4.12,1.75,1.69,33,1.6,1.54,2.55,2.43,20,1,1.8,1.72,2.25,2.16,5.74,4.05,1.65
SP1,07/10/2018,Valladolid,Huesca,1,0,H,1,0,H,9,11,3,1,9,13,6,2,1,2,0,0,1.9,3.5,4.2,1.9,3.5,4.25,1.93,3.4,4.2,1.97,3.48,4.3,1.95,3.5,4,1.93,3.5,4.4,37,1.97,1.92,3.55,3.47,4.46,4.24,36,2.2,2.13,1.77,1.71,18,-0.75,2.31,2.21,1.75,1.7,1.93,3.55,4.43
SP1,19/10/2018,Celta,Alaves,0,1,A,0,0,D,19,9,9,2,9,12,6,2,2,3,0,0,1.66,4,5,1.75,3.75,4.75,1.85,3.5,4.4,1.72,3.93,5.2,1.73,3.8,4.8,1.73,3.9,5.25,36,1.93,1.73,4,3.77,5.25,4.89,33,1.96,1.88,2.02,1.92,18,-1,2.81,2.32,1.75,1.65,1.77,3.86,4.91
SP1,20/10/2018,Barcelona,Sevilla,4,2,H,2,0,H,23,19,9,7,10,16,5,7,0,1,0,0,1.33,6,7.5,1.34,6,7.25,1.35,5.8,7,1.35,6.29,7.4,1.33,5.5,8,1.33,6,8,39,1.39,1.34,6.5,5.96,8.5,7.5,32,1.3,1.26,4.05,3.72,19,-1.75,2.1,2,1.91,1.86,1.28,6.58,9.87
SP1,20/10/2018,Real Madrid,Levante,1,2,A,0,2,A,34,6,12,2,10,19,15,1,1,2,0,0,1.14,8.5,19,1.15,8.75,16,1.17,8.3,14.5,1.15,9.03,18.28,1.15,8.5,15,1.15,9,20,39,1.19,1.15,9.25,8.52,20.95,16.34,32,1.29,1.24,4.33,3.92,20,-2.25,1.98,1.85,2.07,2.02,1.15,8.62,20.52
SP1,20/10/2018,Valencia,Leganes,1,1,D,0,0,D,18,7,4,5,9,13,10,1,1,2,0,0,1.5,4,7.5,1.55,4,6.5,1.65,4,5.1,1.56,4.13,6.84,1.57,3.9,6,1.55,4.1,7,39,1.65,1.55,4.2,3.99,7.5,6.52,37,2.15,2.07,1.8,1.75,21,-1,2.05,1.98,2,1.88,1.62,3.72,6.96
SP1,20/10/2018,Villarreal,Ath Madrid,1,1,D,0,0,D,18,15,6,4,16,9,8,7,3,1,0,0,3.8,3.1,2.14,3.6,3.1,2.2,3.8,3.15,2.15,3.87,3.22,2.19,3.7,3.1,2.15,3.8,3.2,2.2,39,3.95,3.71,3.25,3.14,2.25,2.18,36,2.63,2.47,1.6,1.54,18,0.25,2.08,2.03,1.9,1.84,4.04,3.21,2.14
SP1,21/10/2018,Betis,Valladolid,0,1,A,0,1,A,20,6,4,2,7,10,9,6,0,4,0,0,1.61,3.8,6,1.65,3.75,5.5,1.7,3.8,4.9,1.63,4.08,5.85,1.62,3.75,5.8,1.62,4,5.5,39,1.7,1.63,4.1,3.91,6,5.55,36,2.04,1.98,1.9,1.83,21,-1,2.2,2.13,1.85,1.75,1.56,4.13,6.7
SP1,21/10/2018,Eibar,Ath Bilbao,1,1,D,1,1,D,18,6,6,3,7,13,8,2,2,3,0,0,2.7,3.2,2.75,2.75,3.1,2.75,2.7,3.1,2.75,2.79,3.21,2.82,2.75,3.1,2.75,2.75,3.13,2.75,39,2.83,2.72,3.25,3.14,2.85,2.75,37,2.4,2.29,1.67,1.61,19,-0.25,2.38,2.3,1.7,1.65,2.87,3.36,2.64
SP1,21/10/2018,Huesca,Espanol,0,2,A,0,1,A,10,6,2,2,21,14,6,4,3,3,0,0,3.5,3.3,2.14,3.6,3.3,2.15,3.6,3.35,2.1,3.64,3.54,2.13,3.5,3.5,2.1,3.6,3.4,2.1,39,3.7,3.57,3.55,3.4,2.17,2.11,37,2.25,2.15,1.76,1.7,18,0.25,2.11,2.06,1.88,1.82,4.07,3.43,2.05
SP1,21/10/2018,Vallecano,Getafe,1,2,A,0,0,D,10,5,3,2,14,25,6,2,5,5,1,0,2.9,3.3,2.5,2.9,3.25,2.5,2.95,3.15,2.55,3,3.26,2.61,2.9,3.2,2.55,3,3.2,2.6,39,3,2.93,3.3,3.19,2.64,2.55,37,2.31,2.23,1.7,1.65,19,0.25,1.78,1.74,2.21,2.16,2.99,3.3,2.58
SP1,22/10/2018,Sociedad,Girona,0,0,D,0,0,D,14,12,8,2,14,15,7,6,3,1,0,0,1.72,3.75,5,1.67,4,5,1.7,3.8,4.9,1.68,4.16,5.12,1.7,3.75,5,1.67,3.9,5.2,39,1.73,1.68,4.16,3.88,5.3,5.04,35,1.97,1.9,1.97,1.89,20,-1,2.35,2.24,1.75,1.68,1.82,3.69,4.83
SP1,24/10/2018,Vallecano,Ath Bilbao,1,1,D,1,0,H,11,12,3,4,14,9,5,4,1,1,0,0,3.3,3.3,2.25,3.3,3.3,2.25,3.25,3.35,2.25,3.28,3.53,2.29,3.2,3.4,2.25,3.4,3.4,2.25,37,3.4,3.26,3.53,3.36,2.3,2.24,34,2.05,1.97,1.91,1.83,18,0.25,1.98,1.93,1.97,1.93,3.3,3.51,2.28
SP1,26/10/2018,Valladolid,Espanol,1,1,D,0,1,A,15,11,2,4,16,16,5,2,4,2,0,0,3.4,3.1,2.25,3.1,3.2,2.4,2.75,3.25,2.6,3.45,3.21,2.36,3.3,3.1,2.35,3.4,3.2,2.38,36,3.45,3.3,3.25,3.14,2.6,2.35,33,2.51,2.38,1.62,1.58,16,0.25,1.94,1.89,2.01,1.99,3.61,3.19,2.3
SP1,27/10/2018,Ath Bilbao,Valencia,0,0,D,0,0,D,13,11,2,3,25,22,5,2,2,5,0,0,2.5,3.3,2.87,2.55,3.3,2.85,2.4,3.3,2.95,2.69,3.23,2.91,2.6,3.25,2.8,2.63,3.3,2.9,37,2.74,2.6,3.35,3.22,2.95,2.83,35,2.2,2.09,1.8,1.73,17,-0.25,2.31,2.23,1.74,1.69,2.88,3.26,2.7
SP1,27/10/2018,Ath Madrid,Sociedad,2,0,H,1,0,H,14,7,4,0,10,7,10,1,2,1,0,0,1.53,3.8,7.5,1.55,3.8,7,1.5,3.9,7.6,1.55,3.96,7.47,1.55,4,6.5,1.55,4,7.5,37,1.6,1.53,4.15,3.9,7.65,7.19,35,2.35,2.22,1.71,1.65,18,-1,2.02,1.96,1.95,1.9,1.49,3.97,9.33
SP1,27/10/2018,Celta,Eibar,4,0,H,2,0,H,10,17,6,5,9,8,2,8,0,0,0,0,2.14,3.3,3.6,2.1,3.4,3.6,2.1,3.4,3.5,2.25,3.41,3.49,2.2,3.3,3.4,2.2,3.4,3.5,37,2.25,2.18,3.45,3.35,3.62,3.42,34,2.05,1.97,1.9,1.83,17,-0.25,1.95,1.88,2.04,1.98,2.24,3.48,3.44
SP1,27/10/2018,Girona,Vallecano,2,1,H,2,0,H,14,14,6,5,11,16,4,7,1,3,1,0,1.85,3.5,4.5,1.83,3.6,4.4,1.8,3.6,4.5,1.93,3.58,4.31,1.91,3.6,4,1.93,3.75,4.1,37,1.95,1.89,3.75,3.57,4.5,4.22,34,1.97,1.89,2,1.91,18,-1,2.79,2.66,1.55,1.5,2,3.52,4.14
SP1,27/10/2018,Levante,Leganes,2,0,H,1,0,H,9,21,4,6,12,14,3,2,2,2,0,0,2.1,3.25,3.75,2.15,3.4,3.4,2.2,3.3,3.4,2.17,3.43,3.65,2.15,3.3,3.5,2.15,3.3,3.6,37,2.22,2.15,3.45,3.33,3.75,3.51,35,2.1,2.04,1.85,1.77,16,0,1.57,1.54,2.66,2.54,2.37,3.37,3.25
SP1,28/10/2018,Alaves,Villarreal,2,1,H,0,1,A,19,9,6,2,9,11,8,4,1,1,0,0,3,3.2,2.5,3.1,3.2,2.4,2.65,3.3,2.65,3.18,3.34,2.43,3.1,3.2,2.4,3.1,3.25,2.38,37,3.25,3.1,3.35,3.21,2.65,2.4,35,2.35,2.24,1.7,1.64,17,0.25,1.86,1.83,2.1,2.04,3.35,3.47,2.28
SP1,28/10/2018,Barcelona,Real Madrid,5,1,H,2,0,H,13,15,8,4,17,14,4,2,2,2,0,0,1.95,3.8,3.6,1.95,3.8,3.6,2.1,3.6,3.3,2,3.78,3.8,2,3.7,3.6,1.95,3.8,3.6,36,2.1,1.97,3.95,3.74,3.89,3.65,33,1.6,1.53,2.6,2.46,17,-0.25,1.75,1.72,2.28,2.2,2.06,3.72,3.69
SP1,28/10/2018,Getafe,Betis,2,0,H,0,0,D,16,7,7,3,9,14,5,4,1,2,0,0,2.4,3.1,3.25,2.4,3.1,3.2,2.4,3.05,3.25,2.48,3.12,3.32,2.4,3.1,3.2,2.45,3.1,3.3,37,2.52,2.42,3.15,3.06,3.35,3.23,34,2.65,2.52,1.56,1.52,18,-0.25,2.1,2.04,1.88,1.83,2.65,3.1,3.08
SP1,28/10/2018,Sevilla,Huesca,2,1,H,0,0,D,15,11,4,2,9,14,4,2,2,3,0,0,1.22,6.5,13,1.26,5.75,12.5,1.22,6.5,12.5,1.25,6.66,12.27,1.25,5.8,12,1.22,6.5,13,37,1.3,1.24,7,6.3,13.5,11.99,35,1.46,1.42,2.95,2.77,18,-2,2.16,2.09,1.85,1.78,1.22,6.79,14.38
SP1,03/11/2018,Leganes,Ath Madrid,1,1,D,0,0,D,8,9,3,4,18,12,4,7,4,2,0,0,5.75,3.4,1.72,6,3.3,1.72,5.5,3.25,1.77,5.99,3.24,1.81,5.25,3.3,1.8,5.5,3.3,1.83,38,6.2,5.63,3.45,3.3,1.83,1.77,33,2.8,2.65,1.51,1.47,21,1,1.6,1.54,2.65,2.55,6.54,3.28,1.75
SP1,03/11/2018,Real Madrid,Valladolid,2,0,H,0,0,D,16,12,7,2,14,7,8,6,1,0,0,0,1.16,8,15,1.18,7.25,15.5,1.2,7.1,13,1.2,7.28,14.98,1.18,7.5,13,1.18,8,17,37,1.23,1.19,8.1,7.34,17,13.95,32,1.4,1.35,3.43,3.13,20,-2,1.94,1.86,2.06,2,1.19,7.38,16.48
SP1,03/11/2018,Valencia,Girona,0,1,A,0,0,D,27,5,9,3,14,13,11,2,4,4,0,0,1.5,4,7.5,1.5,4.1,7,1.65,3.8,5.4,1.48,4.49,7.48,1.5,4.2,7,1.5,4.2,8,38,1.65,1.49,4.49,4.19,8.2,7.33,35,2.15,2.05,1.82,1.77,21,-1,2.1,1.84,2.1,2.03,1.48,4.41,7.81
SP1,03/11/2018,Vallecano,Barcelona,2,3,A,1,1,D,11,9,5,5,23,11,3,1,4,2,0,0,9.5,6,1.28,10,6,1.28,9.6,5.5,1.3,9.55,5.85,1.32,9,5.8,1.3,10.5,6,1.3,38,11,9.47,6.25,5.77,1.35,1.3,31,1.46,1.42,3,2.81,20,2,1.66,1.62,2.46,2.36,11.04,6.77,1.26
SP1,04/11/2018,Betis,Celta,3,3,D,1,0,H,14,14,6,7,12,11,4,4,4,2,0,0,1.8,3.8,4.5,1.83,3.8,4.2,2,3.4,3.8,1.83,4.02,4.34,1.83,3.8,4.2,1.8,3.75,4.3,38,2,1.82,4.02,3.76,4.55,4.27,35,1.96,1.9,1.96,1.9,19,-0.75,2.13,2.06,1.85,1.81,1.77,3.86,4.91
SP1,04/11/2018,Eibar,Alaves,2,1,H,0,1,A,23,9,8,3,11,7,13,1,4,0,1,1,2.04,3.3,3.9,2.1,3.3,3.7,2.3,3.3,3.15,2.1,3.35,3.96,2.1,3.25,3.75,2.1,3.3,4,37,2.3,2.08,3.4,3.3,4,3.82,35,2.38,2.28,1.7,1.62,19,-0.25,1.8,1.77,2.16,2.11,2.16,3.37,3.75
SP1,04/11/2018,Huesca,Getafe,1,1,D,0,0,D,18,8,7,2,18,13,10,2,5,3,0,0,3.6,3.3,2.1,3.6,3.25,2.15,3.6,3.1,2.2,3.65,3.22,2.27,3.5,3.2,2.2,3.6,3.13,2.2,38,3.75,3.59,3.3,3.17,2.27,2.2,35,2.55,2.43,1.6,1.55,19,0.25,2.01,1.97,1.94,1.89,3.87,3.25,2.17
SP1,04/11/2018,Sociedad,Sevilla,0,0,D,0,0,D,10,8,1,1,8,17,7,7,1,3,0,0,2.75,3.5,2.45,2.85,3.5,2.4,2.85,3.55,2.4,2.76,3.61,2.6,2.75,3.5,2.5,2.7,3.6,2.5,38,2.9,2.79,3.7,3.53,2.6,2.46,36,1.78,1.72,2.2,2.11,19,0.25,1.77,1.74,2.24,2.16,2.58,3.58,2.79
SP1,04/11/2018,Villarreal,Levante,1,1,D,0,0,D,23,13,4,2,14,10,5,4,3,3,0,0,1.55,4,6,1.57,4.2,5.75,1.7,3.8,5,1.63,4.1,5.83,1.62,4.2,5.25,1.57,4.2,5.75,38,1.7,1.59,4.45,4.17,6.13,5.56,35,1.68,1.61,2.45,2.29,21,-1,2.15,1.99,1.92,1.87,1.72,4,5.06
SP1,05/11/2018,Espanol,Ath Bilbao,1,0,H,1,0,H,8,10,3,2,15,13,2,1,1,3,0,0,2,3.3,4,1.95,3.3,4.2,1.97,3.35,4.05,2.02,3.43,4.18,2,3.4,3.9,2,3.4,4,37,2.1,1.99,3.45,3.33,4.25,4.04,35,2.3,2.22,1.71,1.65,18,-0.25,1.75,1.71,2.25,2.2,1.92,3.46,4.61
SP1,09/11/2018,Levante,Sociedad,1,3,A,1,0,H,17,15,2,4,17,12,6,4,6,1,0,0,2.62,3.4,2.62,2.65,3.4,2.65,2.65,3.4,2.65,2.76,3.38,2.73,2.63,3.3,2.7,2.75,3.4,2.7,37,2.76,2.7,3.45,3.34,2.76,2.68,34,2.05,1.96,2,1.85,20,-0.25,2.36,2.3,1.7,1.66,2.95,3.38,2.56
SP1,10/11/2018,Ath Madrid,Ath Bilbao,3,2,H,0,1,A,9,6,3,5,8,15,12,2,5,4,0,1,1.44,4,9,1.45,4,9,1.45,4.3,7.5,1.47,4.13,9.27,1.47,4,8.5,1.5,4,9,38,1.5,1.46,4.3,4.02,9.45,8.67,35,2.55,2.39,1.65,1.57,21,-1,1.86,1.81,2.11,2.05,1.59,3.53,8.51
SP1,10/11/2018,Getafe,Valencia,0,1,A,0,0,D,17,7,3,3,23,8,6,4,3,3,1,0,2.75,3.1,2.75,2.8,3.1,2.7,2.7,3.2,2.7,2.91,3.1,2.78,2.75,3.1,2.75,2.9,3.1,2.75,38,2.95,2.84,3.2,3.05,2.85,2.73,35,2.75,2.58,1.57,1.49,19,0.25,1.68,1.65,2.37,2.31,3.08,3.08,2.66
SP1,10/11/2018,Girona,Leganes,0,0,D,0,0,D,5,10,0,1,13,13,0,6,1,4,0,0,2.04,3.2,3.75,2.15,3.2,3.7,2.15,3.15,3.65,2.23,3.27,3.69,2.15,3.25,3.6,2.2,3.3,3.7,38,2.25,2.17,3.32,3.21,3.81,3.65,36,2.5,2.39,1.62,1.57,19,-0.25,1.9,1.86,2.05,2.01,2.27,3.19,3.68
SP1,10/11/2018,Valladolid,Eibar,0,0,D,0,0,D,9,16,1,6,16,15,4,4,2,4,0,1,2.3,3.3,3.25,2.3,3.25,3.25,2.3,3.2,3.25,2.43,3.29,3.24,2.3,3.25,3.25,2.38,3.3,3.25,38,2.43,2.35,3.35,3.23,3.33,3.23,36,2.4,2.29,1.67,1.62,20,-0.25,2.07,2.01,1.9,1.86,2.55,3.11,3.22
SP1,11/11/2018,Alaves,Huesca,2,1,H,1,1,D,13,9,5,2,20,13,5,4,3,4,0,0,1.8,3.6,4.33,1.83,3.5,4.6,1.7,3.8,5,1.88,3.47,4.83,1.85,3.5,4.5,1.87,3.6,4.6,38,1.91,1.85,3.8,3.46,5,4.59,36,2.25,2.17,1.75,1.69,19,-0.75,2.17,2.13,1.8,1.76,2.15,3.17,4.08
SP1,11/11/2018,Barcelona,Betis,3,4,A,0,2,A,20,15,5,8,13,11,10,5,4,2,1,0,1.18,7,13,1.19,7.25,14,1.2,7,13,1.22,7.23,13.06,1.18,7.5,13,1.18,7.5,13,38,1.25,1.21,7.8,7.1,15,12.6,31,1.35,1.3,3.65,3.4,20,-2,1.98,1.91,2.02,1.95,1.19,7.71,15
SP1,11/11/2018,Celta,Real Madrid,2,4,A,0,1,A,15,14,4,5,19,13,5,1,4,2,1,0,5,4.5,1.55,5,4.33,1.62,4.8,4.2,1.65,5.02,4.63,1.63,4.8,4.6,1.6,5.2,4.75,1.55,38,5.5,5.07,4.85,4.53,1.65,1.59,32,1.42,1.38,3.2,2.98,21,1,2.01,1.93,2,1.92,5.15,4.64,1.61
SP1,11/11/2018,Sevilla,Espanol,2,1,H,0,1,A,23,15,10,7,18,10,6,3,4,2,0,0,1.75,3.6,4.5,1.75,3.7,4.75,1.8,3.6,4.5,1.81,3.7,4.91,1.8,3.8,4.33,1.8,3.8,4.4,38,1.85,1.79,3.9,3.7,4.91,4.58,35,1.84,1.77,2.13,2.04,21,-1,2.56,2.45,1.65,1.58,1.9,3.7,4.34
SP1,11/11/2018,Vallecano,Villarreal,2,2,D,1,1,D,15,11,7,5,7,12,8,4,1,3,0,1,3.1,3.4,2.25,3.1,3.4,2.3,3.05,3.3,2.35,3.17,3.56,2.34,3.1,3.4,2.3,3.13,3.5,2.25,38,3.25,3.11,3.56,3.43,2.4,2.29,35,1.98,1.88,2.02,1.92,19,0.25,1.93,1.89,2.02,1.98,3.26,3.78,2.2
SP1,23/11/2018,Leganes,Alaves,1,0,H,1,0,H,13,7,6,2,10,13,5,3,2,4,0,0,2.2,3.1,3.6,2.2,3.1,3.6,2.3,3.2,3.3,2.29,3.14,3.68,2.2,3.1,3.7,2.3,3.13,3.6,38,2.35,2.27,3.2,3.08,3.81,3.57,36,2.7,2.56,1.55,1.5,19,-0.25,1.97,1.93,1.98,1.94,2.22,3.1,3.97
SP1,24/11/2018,Ath Madrid,Barcelona,1,1,D,0,0,D,3,8,1,2,19,12,2,8,5,3,0,0,3,3.3,2.37,3.1,3.3,2.35,3.3,3.2,2.3,3.1,3.33,2.49,3.1,3.2,2.4,3,3.4,2.45,37,3.3,3.03,3.45,3.31,2.5,2.41,35,2,1.92,1.95,1.88,20,0.25,1.84,1.8,2.13,2.07,3.1,3.34,2.48
SP1,24/11/2018,Eibar,Real Madrid,3,0,H,1,0,H,14,9,8,3,17,8,5,4,2,1,0,0,6,4.33,1.53,6,4.4,1.53,5.5,4.65,1.53,5.96,4.55,1.56,5.8,4.5,1.52,6,4.6,1.55,38,6.5,5.71,4.85,4.54,1.57,1.53,34,1.5,1.45,1.8,1.69,23,1,2.07,2.02,2.85,2.67,7.04,4.92,1.46
SP1,24/11/2018,Huesca,Levante,2,2,D,1,1,D,32,5,12,3,11,8,7,2,4,3,1,0,2.25,3.4,3.25,2.3,3.4,3.1,2.2,3.35,3.35,2.27,3.39,3.44,2.3,3.4,3.1,2.25,3.4,3.4,37,2.37,2.25,3.5,3.35,3.45,3.3,36,2.11,2.01,1.9,1.8,20,-0.25,1.97,1.92,2,1.94,2.31,3.4,3.36
SP1,24/11/2018,Valencia,Vallecano,3,0,H,1,0,H,13,13,10,3,15,14,6,5,2,4,0,1,1.44,4.5,7.5,1.45,4.75,6.5,1.5,4.25,6.6,1.43,4.73,8.1,1.42,4.5,8,1.45,4.8,7.5,38,1.5,1.44,4.85,4.59,8.1,7.25,37,1.77,1.72,2.23,2.12,22,-1,1.77,1.72,2.26,2.17,1.43,4.59,8.86
SP1,25/11/2018,Ath Bilbao,Getafe,1,1,D,0,0,D,8,15,4,2,10,12,2,2,5,4,0,0,2.04,3.3,3.9,2.1,3.25,3.8,2.05,3.2,3.9,2.11,3.37,3.9,2.05,3.25,3.9,2.1,3.3,4,37,2.15,2.08,3.4,3.25,4.05,3.85,35,2.59,2.44,1.6,1.55,20,-0.25,1.81,1.78,2.15,2.09,2.29,3.2,3.62
SP1,25/11/2018,Espanol,Girona,1,3,A,0,2,A,18,16,10,11,16,14,8,3,3,4,0,0,1.66,3.6,5.75,1.62,3.7,6,1.7,3.7,5.1,1.68,3.85,5.8,1.65,3.5,6,1.62,3.8,5.75,37,1.75,1.66,3.9,3.7,6,5.64,36,2.3,2.18,1.75,1.68,22,-1,2.29,2.19,1.76,1.71,1.66,3.75,6.24
SP1,25/11/2018,Sevilla,Valladolid,1,0,H,1,0,H,17,13,9,5,15,15,8,6,3,3,0,0,1.4,4.75,8,1.36,5.25,7.75,1.4,5,7.4,1.38,5.34,8.1,1.36,5,8.5,1.36,5,8,37,1.43,1.38,5.34,4.99,9,7.76,35,1.65,1.57,2.5,2.38,22,-1,1.65,1.59,2.5,2.4,1.4,4.89,8.83
SP1,25/11/2018,Villarreal,Betis,2,1,H,0,0,D,13,13,8,6,15,13,5,4,2,1,0,0,2.14,3.4,3.4,2.15,3.5,3.3,2.2,3.3,3.4,2.25,3.59,3.32,2.2,3.5,3.25,2.2,3.5,3.25,37,2.32,2.21,3.65,3.47,3.4,3.24,35,1.84,1.78,2.15,2.03,20,-0.25,1.95,1.92,1.99,1.94,2.12,3.55,3.67
SP1,26/11/2018,Sociedad,Celta,2,1,H,1,0,H,15,6,8,2,12,14,6,2,2,2,0,0,1.85,3.75,4.2,1.85,3.6,4.33,1.9,3.6,4,1.83,3.91,4.47,1.8,3.8,4.33,1.83,3.8,4.2,36,1.9,1.83,3.91,3.72,4.5,4.29,34,1.9,1.83,2.05,1.98,20,-0.75,2.12,2.06,1.85,1.81,1.9,3.75,4.28
SP1,30/11/2018,Vallecano,Eibar,1,0,H,0,0,D,5,13,2,5,15,12,1,4,5,3,0,0,3.1,3.3,2.3,3,3.3,2.4,2.95,3.2,2.5,3.09,3.54,2.39,3,3.4,2.35,3.1,3.5,2.38,37,3.2,3.01,3.55,3.41,2.6,2.37,35,1.95,1.87,2.03,1.93,20,0.25,1.89,1.84,2.1,2.04,2.95,3.4,2.55
SP1,01/12/2018,Celta,Huesca,2,0,H,1,0,H,12,8,5,3,14,14,4,4,2,3,0,0,1.64,4,5,1.65,3.9,5.25,1.65,3.8,5.4,1.74,3.87,5.17,1.7,3.8,5,1.73,4,5,37,1.8,1.69,4.15,3.88,5.6,5.07,36,1.81,1.76,2.13,2.05,22,-1,2.32,2.21,1.77,1.7,1.67,3.99,5.54
SP1,01/12/2018,Getafe,Espanol,3,0,H,0,0,D,14,8,5,2,17,16,7,4,3,2,0,0,2.4,2.87,3.4,2.4,3,3.3,2.45,3,3.2,2.42,3.09,3.47,2.38,3,3.4,2.38,3.1,3.5,36,2.51,2.39,3.15,3.03,3.5,3.35,35,2.71,2.57,1.55,1.49,20,-0.25,2.05,2,1.91,1.86,2.48,3.13,3.31
SP1,01/12/2018,Real Madrid,Valencia,2,0,H,1,0,H,13,7,3,2,11,10,2,2,1,3,0,0,1.44,4.75,7,1.45,4.75,6.5,1.5,4.8,5.6,1.47,4.84,6.99,1.44,4.6,7,1.45,4.8,7,37,1.51,1.45,5,4.73,7.5,6.72,35,1.55,1.5,2.71,2.55,22,-1,1.75,1.71,2.25,2.18,1.62,4.16,5.85
SP1,01/12/2018,Valladolid,Leganes,2,4,A,0,2,A,20,14,6,5,5,13,6,5,0,3,0,0,2.37,3.1,3.3,2.35,3.1,3.3,2.4,3,3.3,2.46,3.02,3.48,2.38,3,3.4,2.4,3.1,3.4,37,2.5,2.41,3.15,3.01,3.55,3.35,33,2.92,2.73,1.5,1.44,21,-0.25,2.06,2.03,1.87,1.84,2.43,3.09,3.46
SP1,02/12/2018,Alaves,Sevilla,1,1,D,1,0,H,11,14,3,3,21,14,2,5,3,3,0,0,3.6,3.6,2,3.6,3.5,2.05,3.4,3.5,2.1,3.79,3.69,2.03,3.7,3.6,2,3.6,3.7,2,37,3.9,3.68,3.75,3.61,2.1,2,36,1.85,1.77,2.12,2.03,20,0.25,2.23,2.16,1.77,1.73,3.72,3.48,2.13
SP1,02/12/2018,Barcelona,Villarreal,2,0,H,1,0,H,16,12,7,2,9,17,11,1,2,4,0,0,1.25,6.5,11,1.22,6.75,11.5,1.25,6.5,10,1.25,6.9,11.47,1.22,6.5,13,1.22,6.5,13,37,1.27,1.23,7.3,6.67,13.25,11.42,30,1.36,1.33,3.45,3.23,21,-2,2.08,1.99,1.92,1.87,1.24,6.89,12.49
SP1,02/12/2018,Betis,Sociedad,1,0,H,1,0,H,6,6,4,4,18,18,6,4,4,2,0,0,2.2,3.3,3.4,2.25,3.25,3.4,2.1,3.4,3.5,2.32,3.3,3.44,2.25,3.1,3.5,2.3,3.3,3.3,37,2.35,2.27,3.4,3.26,3.5,3.33,36,2.1,1.99,1.87,1.82,20,-0.25,2,1.94,1.96,1.92,1.85,3.76,4.5
SP1,02/12/2018,Girona,Ath Madrid,1,1,D,1,0,H,13,17,3,3,8,16,2,9,0,5,0,0,5.5,3.4,1.75,5.5,3.4,1.75,5.1,3.3,1.8,5.64,3.42,1.79,5.5,3.4,1.75,5.5,3.4,1.8,37,5.65,5.32,3.55,3.36,1.83,1.77,35,2.55,2.44,1.61,1.54,21,1,1.6,1.55,2.63,2.5,5.52,3.38,1.81
SP1,03/12/2018,Levante,Ath Bilbao,3,0,H,1,0,H,17,12,7,3,11,15,2,6,3,5,0,1,2.75,3.4,2.54,2.8,3.4,2.5,2.65,3.4,2.65,2.84,3.46,2.6,2.7,3.3,2.6,2.75,3.4,2.55,36,2.9,2.74,3.5,3.36,2.75,2.58,34,2.01,1.93,1.95,1.87,19,0.25,1.75,1.7,2.28,2.21,2.97,3.51,2.48
SP1,07/12/2018,Leganes,Getafe,1,1,D,0,1,A,17,6,5,2,12,13,7,2,1,2,1,0,2.62,2.9,3,2.6,3,3,2.7,2.85,3.05,2.76,2.99,3.04,2.7,2.9,3,2.75,3,3,37,2.84,2.68,3.04,2.92,3.15,3.02,32,3.2,2.89,1.45,1.5,19,0,1.9,1.85,2.08,2.02,2.76,2.94,3.11
SP1,08/12/2018,Ath Madrid,Alaves,3,0,H,1,0,H,12,13,5,3,20,15,5,5,5,4,0,0,1.36,4.5,10,1.4,4.33,9.5,1.43,4.2,8.5,1.39,4.38,11.88,1.38,4.33,11,1.4,4.5,10.5,38,1.45,1.39,4.6,4.35,11.88,10.12,35,2.3,2.21,1.72,1.66,23,-1,1.7,1.66,2.35,2.27,1.38,4.5,11.7
SP1,08/12/2018,Espanol,Barcelona,0,4,A,0,3,A,15,17,3,9,16,10,11,4,1,0,0,0,6.5,4.33,1.5,6,4.4,1.53,5.7,4.3,1.55,6.09,4.64,1.53,6.5,4.4,1.5,6.5,4.6,1.53,37,6.5,6.09,4.7,4.44,1.56,1.52,34,1.63,1.58,2.5,2.36,22,1,2.08,2.03,1.87,1.83,8.23,5.02,1.4
SP1,08/12/2018,Valencia,Sevilla,1,1,D,0,0,D,16,11,6,3,13,17,6,4,0,4,0,0,2.2,3.5,3.2,2.25,3.4,3.2,2.3,3.4,3.05,2.24,3.61,3.31,2.2,3.5,3.25,2.3,3.5,3.25,37,2.32,2.23,3.65,3.48,3.35,3.22,34,1.9,1.84,2.05,1.96,20,-0.25,1.97,1.93,1.98,1.93,2.1,3.65,3.63
SP1,08/12/2018,Villarreal,Celta,2,3,A,0,1,A,13,14,3,7,12,10,6,1,3,3,0,0,1.72,3.8,4.75,1.8,3.75,4.33,1.85,3.6,4.3,1.81,3.9,4.56,1.78,3.8,4.4,1.8,3.9,4.6,37,1.85,1.79,4,3.81,4.81,4.45,35,1.77,1.71,2.21,2.13,22,-1,2.45,2.39,1.65,1.6,1.68,4.22,5.03
SP1,09/12/2018,Betis,Vallecano,2,0,H,0,0,D,8,12,3,3,13,20,2,9,2,3,0,0,1.53,4.33,6,1.53,4.4,6,1.57,4.35,5.5,1.57,4.54,5.76,1.53,4.4,5.8,1.53,4.5,5.75,37,1.6,1.55,4.6,4.39,6.1,5.69,34,1.7,1.63,2.38,2.26,22,-1,1.97,1.92,1.98,1.93,1.49,4.69,6.79
SP1,09/12/2018,Eibar,Levante,4,4,D,1,2,A,32,14,7,5,11,7,12,3,2,2,0,0,1.75,3.8,4.5,1.78,3.8,4.5,1.75,3.9,4.55,1.78,4.03,4.57,1.78,3.8,4.4,1.8,3.9,4.75,37,1.83,1.78,4.05,3.84,4.75,4.46,34,1.85,1.77,2.12,2.05,20,-0.75,2.03,1.98,1.93,1.88,1.71,3.99,5.16
SP1,09/12/2018,Huesca,Real Madrid,0,1,A,0,1,A,11,5,4,4,12,10,11,6,2,2,0,0,10,5.5,1.3,9.25,5.25,1.33,9.6,5.5,1.3,9.11,6.01,1.32,9.5,5.8,1.3,9.5,5.75,1.3,37,10.25,9.13,6.05,5.62,1.36,1.31,31,1.5,1.44,2.9,2.72,22,1.5,2.05,1.99,1.91,1.85,9.97,5.92,1.31
SP1,09/12/2018,Sociedad,Valladolid,1,2,A,0,1,A,23,10,5,6,9,16,11,6,2,2,0,0,1.61,3.6,6.5,1.62,3.6,6.5,1.6,3.75,6,1.61,3.94,6.47,1.6,3.8,6,1.6,3.9,6,37,1.65,1.61,4,3.78,6.5,6.11,34,2.25,2.15,1.75,1.69,22,-1,2.2,2.12,1.8,1.75,1.77,3.44,5.83
SP1,10/12/2018,Ath Bilbao,Girona,1,0,H,0,0,D,25,3,10,1,17,15,11,0,3,1,0,0,1.95,3.4,4,2,3.3,4,1.95,3.4,4.05,1.98,3.57,4.15,1.95,3.5,4,1.95,3.5,4,36,2.05,1.98,3.57,3.38,4.33,4.02,34,2.25,2.14,1.76,1.7,19,-0.25,1.76,1.71,2.28,2.19,2.03,3.61,3.89
SP1,14/12/2018,Celta,Leganes,0,0,D,0,0,D,15,5,2,2,11,11,10,0,3,3,0,0,1.85,3.5,4.33,1.83,3.5,4.6,1.85,3.4,4.6,1.87,3.5,4.82,1.85,3.4,4.6,1.87,3.5,4.75,36,1.91,1.86,3.65,3.46,4.95,4.59,34,2.35,2.23,1.74,1.65,21,-0.75,2.19,2.13,1.8,1.76,1.92,3.44,4.65
SP1,15/12/2018,Eibar,Valencia,1,1,D,0,1,A,18,11,6,4,11,15,4,2,0,1,0,0,2.7,3.2,2.7,2.7,3.2,2.7,2.65,3.2,2.75,2.74,3.26,2.84,2.7,3.2,2.7,2.7,3.3,2.8,37,2.8,2.69,3.35,3.21,2.86,2.74,34,2.2,2.1,1.8,1.73,20,-0.25,2.36,2.29,1.7,1.66,2.7,3.16,2.97
SP1,15/12/2018,Getafe,Sociedad,1,0,H,1,0,H,9,9,2,4,24,14,2,3,3,4,0,0,2.25,3.1,3.5,2.3,3.1,3.4,2.2,3.2,3.5,2.35,3.16,3.52,2.3,3,3.5,2.3,3.13,3.6,36,2.4,2.31,3.2,3.09,3.6,3.44,33,2.67,2.56,1.55,1.49,21,-0.25,2,1.95,1.96,1.91,2.35,3.12,3.59
SP1,15/12/2018,Real Madrid,Vallecano,1,0,H,1,0,H,9,11,4,3,15,18,4,4,0,3,0,0,1.14,9,15,1.16,9.25,13,1.15,8.5,15,1.15,9.14,17.59,1.12,9,19,1.14,9,21,36,1.18,1.15,9.75,8.8,21,16.27,29,1.25,1.23,4.2,3.95,22,-2.5,2.09,2.02,1.89,1.83,1.16,8.66,17.59
SP1,15/12/2018,Valladolid,Ath Madrid,2,3,A,0,2,A,8,14,2,5,16,13,9,3,4,1,0,0,5.75,3.4,1.72,5.75,3.3,1.75,5.1,3.3,1.8,6.11,3.5,1.72,5.8,3.5,1.7,6,3.5,1.73,36,6.15,5.7,3.51,3.41,1.8,1.73,33,2.7,2.48,1.58,1.52,22,1,1.65,1.6,2.5,2.4,6.75,3.4,1.7
SP1,16/12/2018,Espanol,Betis,1,3,A,1,1,D,10,12,3,5,23,10,0,4,3,4,0,0,2.4,3.3,3,2.3,3.3,3.2,2.3,3.35,3.1,2.38,3.39,3.23,2.35,3.3,3.1,2.3,3.4,3.13,37,2.41,2.34,3.5,3.33,3.3,3.11,33,2.04,1.96,1.9,1.84,20,-0.25,2.05,2.01,1.9,1.86,2.57,3.35,2.97
SP1,16/12/2018,Huesca,Villarreal,2,2,D,1,0,H,30,10,13,5,12,11,13,2,4,5,0,1,3.5,3.2,2.14,3.3,3.25,2.3,3.3,3.4,2.2,3.32,3.5,2.28,3.3,3.4,2.2,3.2,3.5,2.2,37,3.5,3.29,3.65,3.4,2.3,2.21,33,1.98,1.91,1.95,1.88,20,0.25,1.97,1.93,1.97,1.93,3.43,3.3,2.32
SP1,16/12/2018,Levante,Barcelona,0,5,A,0,2,A,20,16,6,9,12,9,15,3,2,3,1,0,9,6.5,1.25,11,7,1.22,9.6,5.5,1.3,10.21,6.74,1.27,11,6.5,1.24,12,6.5,1.22,36,12,10.22,7.1,6.58,1.3,1.25,29,1.29,1.26,4,3.74,22,2,1.92,1.85,2.25,2.01,13.5,8.1,1.19
SP1,16/12/2018,Sevilla,Girona,2,0,H,0,0,D,17,8,5,2,18,12,5,3,2,1,0,0,1.44,4.5,7,1.45,4.75,6.75,1.55,4,6.2,1.45,4.82,7.46,1.44,4.6,7,1.45,4.8,7,37,1.55,1.45,4.85,4.6,7.82,6.95,34,1.67,1.62,2.41,2.29,22,-1.5,2.5,2.28,1.7,1.65,1.42,4.81,8.33
SP1,17/12/2018,Alaves,Ath Bilbao,0,0,D,0,0,D,11,6,2,3,16,13,5,3,2,2,0,0,3,3.2,2.5,2.75,3.3,2.6,2.85,3.1,2.6,2.95,3.23,2.66,2.9,3.1,2.6,2.88,3.2,2.55,35,3.01,2.88,3.3,3.15,2.81,2.59,33,2.4,2.29,1.65,1.61,19,0.25,1.75,1.71,2.25,2.2,3.23,3.22,2.47
SP1,21/12/2018,Girona,Getafe,1,1,D,0,0,D,12,5,4,2,9,13,4,1,1,2,0,0,2.62,3,2.9,2.75,2.9,2.9,2.65,2.95,2.95,2.72,3.04,3.05,2.62,3,3,2.7,3.1,3,35,2.87,2.69,3.1,3.01,3.12,2.94,32,2.75,2.6,1.53,1.49,21,-0.25,2.35,2.25,1.73,1.69,2.69,3.03,3.1
SP1,21/12/2018,Sociedad,Alaves,0,1,A,0,1,A,18,9,4,3,14,11,10,1,2,4,0,0,1.75,3.5,5,1.78,3.4,5.25,1.85,3.5,4.4,1.79,3.54,5.31,1.75,3.5,5.25,1.8,3.6,5,36,1.85,1.79,3.6,3.49,5.31,5.05,34,2.3,2.22,1.71,1.66,21,-1,2.6,2.53,1.6,1.55,1.72,3.61,5.81
SP1,22/12/2018,Ath Bilbao,Valladolid,1,1,D,1,0,H,8,5,3,2,25,12,3,1,3,2,0,0,1.75,3.4,5,1.75,3.6,5,1.73,3.55,5.2,1.76,3.6,5.49,1.73,3.5,5.5,1.75,3.6,5.5,36,1.79,1.74,3.75,3.58,5.55,5.22,34,2.25,2.17,1.75,1.68,22,-1,2.49,2.39,1.65,1.61,1.7,3.72,5.81
SP1,22/12/2018,Ath Madrid,Espanol,1,0,H,0,0,D,8,18,5,4,16,13,5,9,1,1,0,0,1.4,4,10,1.42,4.25,9,1.37,4.3,11,1.42,4.19,11.05,1.42,4,11,1.45,4.2,9.5,36,1.46,1.42,4.4,4.13,11.05,9.74,34,2.36,2.25,1.7,1.64,22,-1,1.8,1.75,2.2,2.14,1.44,4.32,9.53
SP1,22/12/2018,Barcelona,Celta,2,0,H,2,0,H,9,11,5,1,14,15,4,6,0,1,0,0,1.12,9,21,1.11,9.75,21,1.12,9,20,1.13,10.28,18.95,1.1,11,19,1.11,11,26,36,1.17,1.12,11.25,9.83,26,19.17,32,1.2,1.17,5.25,4.74,22,-2.5,1.85,1.79,2.14,2.07,1.14,9.89,18.6
SP1,22/12/2018,Betis,Eibar,1,1,D,1,0,H,4,15,2,4,11,13,4,11,2,4,0,0,1.8,3.75,4.5,1.78,3.7,4.6,1.75,3.7,4.8,1.81,3.84,4.68,1.78,3.75,4.5,1.85,3.75,4.5,36,1.85,1.8,3.9,3.73,4.8,4.5,34,1.85,1.78,2.11,2.04,22,-1,2.56,2.46,1.63,1.57,1.85,3.84,4.43
SP1,23/12/2018,Leganes,Sevilla,1,1,D,1,0,H,13,8,4,2,14,9,3,6,3,3,0,1,3.4,3.2,2.25,3.25,3.25,2.3,3.3,3.25,2.3,3.42,3.25,2.35,3.3,3.2,2.3,3.2,3.3,2.3,36,3.44,3.28,3.35,3.23,2.37,2.3,33,2.2,2.1,1.8,1.73,19,0.25,1.94,1.89,2.03,1.98,3.05,3.15,2.64
SP1,23/12/2018,Valencia,Huesca,2,1,H,1,0,H,19,11,8,4,14,15,12,5,7,4,0,0,1.4,4.75,8,1.4,4.4,9,1.42,4.55,7.9,1.4,4.69,9.64,1.38,4.6,9.5,1.4,4.8,8.5,36,1.45,1.4,4.85,4.59,9.8,8.51,33,1.8,1.73,2.2,2.09,21,-1.5,2.31,2.2,1.75,1.71,1.45,4.3,9.15
SP1,23/12/2018,Vallecano,Levante,2,1,H,1,0,H,18,12,8,7,13,10,3,5,2,2,0,0,2.1,3.6,3.4,2.1,3.8,3.25,2.25,3.4,3.2,2.14,3.95,3.27,2.1,3.8,3.2,2.1,3.75,3.25,35,2.25,2.11,4,3.77,3.4,3.24,32,1.7,1.63,2.36,2.26,19,-0.25,1.9,1.86,2.07,2.02,2.17,3.83,3.3
SP1,03/01/2019,Villarreal,Real Madrid,2,2,D,1,2,A,12,14,4,7,12,13,6,4,2,2,0,0,3.8,3.8,1.85,3.9,3.75,1.83,3.8,3.9,1.87,4.02,3.98,1.9,4,3.9,1.85,3.9,3.9,1.87,34,4.1,3.93,4,3.83,1.92,1.87,32,1.6,1.54,2.55,2.44,20,0.75,1.84,1.78,2.16,2.11,4.95,4.2,1.7
SP1,04/01/2019,Espanol,Leganes,1,0,H,1,0,H,12,10,1,2,10,17,3,6,2,5,0,1,2,3.3,4.2,2,3.2,4.2,2,3.3,4,2.04,3.28,4.33,2,3.2,4.2,2,3.3,4.3,36,2.08,2.01,3.33,3.22,4.4,4.2,33,2.67,2.52,1.58,1.52,20,-0.25,1.76,1.72,2.26,2.2,1.99,3.17,4.78
SP1,04/01/2019,Levante,Girona,2,2,D,0,1,A,19,9,8,2,18,16,8,2,3,1,1,0,2.15,3.5,3.3,2.15,3.5,3.3,2.15,3.55,3.25,2.24,3.6,3.32,2.2,3.5,3.25,2.15,3.6,3.3,36,2.28,2.18,3.65,3.55,3.47,3.3,34,1.76,1.71,2.23,2.14,19,-0.25,2,1.9,2.02,1.98,2.21,3.68,3.33
SP1,05/01/2019,Alaves,Valencia,2,1,H,2,1,H,14,14,5,2,10,13,2,6,3,3,0,0,3.1,3.1,2.4,3.1,3.2,2.4,3.15,3.1,2.45,3.15,3.27,2.49,3.1,3.2,2.4,3.2,3.2,2.5,33,3.3,3.13,3.29,3.15,2.5,2.43,30,2.55,2.41,1.61,1.56,18,0.25,1.84,1.8,2.12,2.07,3.4,3.25,2.36
SP1,05/01/2019,Huesca,Betis,2,1,H,0,0,D,11,7,6,1,21,7,4,6,3,2,0,0,3.2,3.5,2.2,3.3,3.4,2.2,3.2,3.4,2.25,3.28,3.46,2.32,3.2,3.4,2.25,3.25,3.5,2.3,33,3.4,3.24,3.5,3.4,2.34,2.25,30,1.95,1.88,2.05,1.92,17,0.25,1.96,1.92,1.99,1.94,3.27,3.55,2.29
SP1,05/01/2019,Valladolid,Vallecano,0,1,A,0,1,A,12,9,5,5,16,23,9,5,0,3,0,0,2.1,3.4,3.6,2.05,3.4,3.7,2.1,3.35,3.65,2.14,3.38,3.8,2.1,3.3,3.7,2.15,3.4,3.7,33,2.16,2.09,3.47,3.35,3.85,3.71,31,2.12,2.04,1.85,1.77,18,-0.25,1.86,1.8,2.16,2.08,2.16,3.3,3.86
SP1,06/01/2019,Eibar,Villarreal,0,0,D,0,0,D,24,7,6,4,12,17,13,1,0,2,0,0,2.1,3.25,3.5,2.1,3.5,3.5,2.15,3.5,3.4,2.18,3.54,3.52,2.15,3.4,3.4,2.15,3.5,3.5,33,2.2,2.14,3.6,3.46,3.6,3.44,30,1.95,1.87,2,1.93,17,-0.25,1.91,1.85,2.07,2.02,2.19,3.45,3.58
SP1,06/01/2019,Getafe,Barcelona,1,2,A,1,2,A,10,12,2,8,23,12,4,4,4,3,0,0,8,5.25,1.36,7.5,5,1.4,7.2,5,1.4,7.4,5.18,1.42,8,5,1.38,8,5.2,1.36,33,8.5,7.62,5.3,5.01,1.45,1.4,31,1.6,1.54,2.6,2.43,19,1.5,1.82,1.78,2.17,2.1,7.27,4.96,1.44
SP1,06/01/2019,Real Madrid,Sociedad,0,2,A,0,1,A,28,12,8,4,13,13,10,4,5,1,1,0,1.33,6,7.5,1.33,5.5,8.75,1.35,6,7,1.35,5.49,9.03,1.33,5.25,9,1.33,5.5,8.5,33,1.38,1.34,6,5.43,9.1,8.47,32,1.5,1.43,3,2.75,19,-1.5,2.02,1.94,2,1.91,1.36,5.14,9.51
SP1,06/01/2019,Sevilla,Ath Madrid,1,1,D,1,1,D,15,12,5,7,15,11,4,5,5,7,0,0,2.8,3.1,2.7,2.8,3.2,2.65,2.7,3.1,2.8,2.84,3.15,2.81,2.75,3.1,2.75,2.8,3.2,2.8,33,2.86,2.78,3.2,3.11,2.85,2.73,31,2.35,2.26,1.68,1.63,17,-0.25,2.42,2.36,1.66,1.63,2.94,3.41,2.56
SP1,07/01/2019,Celta,Ath Bilbao,1,2,A,1,1,D,17,8,3,4,16,21,3,2,2,5,0,0,2.4,3.3,3,2.4,3.3,3,2.45,3.25,2.95,2.52,3.33,3.05,2.5,3.25,2.9,2.45,3.3,3,33,2.55,2.44,3.38,3.27,3.17,2.99,30,2.06,1.99,1.87,1.81,17,-0.25,2.19,2.12,1.8,1.77,2.58,3.1,3.19
SP1,11/01/2019,Vallecano,Celta,4,2,H,2,2,D,11,13,8,4,12,8,7,5,4,1,0,0,2.5,3.4,2.8,2.5,3.3,2.85,2.5,3.3,2.85,2.59,3.26,3.02,2.5,3.25,2.9,2.5,3.4,3,38,2.62,2.53,3.4,3.23,3.02,2.93,37,2.24,2.14,1.84,1.71,22,-0.25,2.24,2.16,1.78,1.74,2.52,3.28,3.09
SP1,12/01/2019,Girona,Alaves,1,1,D,1,0,H,9,15,4,4,21,14,6,3,4,2,0,0,2.1,3.1,4,2.15,3.1,3.75,2.3,3.1,3.4,2.23,3.15,3.86,2.2,3,3.75,2.25,3.1,3.8,38,2.3,2.19,3.2,3.09,4,3.73,36,2.65,2.51,1.57,1.52,21,-0.25,1.9,1.86,2.05,2,1.96,3.48,4.36
SP1,12/01/2019,Leganes,Huesca,1,0,H,0,0,D,14,9,7,3,11,9,4,4,3,3,0,0,1.95,3.25,4.33,1.95,3.25,4.4,2,3.3,4,2.01,3.26,4.48,1.95,3.2,4.4,2,3.3,4.4,38,2.05,1.98,3.34,3.23,4.55,4.32,36,2.57,2.44,1.6,1.55,22,-0.25,1.72,1.69,2.33,2.25,2.12,3.03,4.47
SP1,12/01/2019,Valencia,Valladolid,1,1,D,0,0,D,17,6,5,1,15,18,7,0,2,5,0,0,1.53,4,7,1.55,3.9,6.75,1.65,3.9,5.2,1.59,3.86,7.01,1.55,3.8,7,1.6,4,6.5,38,1.65,1.57,4.1,3.89,7.1,6.63,36,2.09,2,1.9,1.82,24,-1,2.1,2.01,1.91,1.86,1.53,3.97,7.96
SP1,12/01/2019,Villarreal,Getafe,1,2,A,0,0,D,17,9,6,4,14,13,6,1,5,3,0,0,2.15,3.1,3.8,2.15,3.1,3.8,2.2,3.2,3.5,2.16,3.21,3.99,2.15,3.1,3.8,2.2,3.2,3.8,38,2.2,2.15,3.25,3.14,4.05,3.8,37,2.35,2.26,1.72,1.64,21,-0.25,1.9,1.83,2.1,2.05,2.05,3.38,4.14
SP1,13/01/2019,Ath Bilbao,Sevilla,2,0,H,1,0,H,10,10,3,4,14,14,7,6,4,3,0,0,2.75,3.2,2.7,2.75,3.25,2.65,2.85,3.2,2.55,2.72,3.34,2.8,2.7,3.2,2.7,2.75,3.3,2.75,38,2.85,2.71,3.37,3.25,2.8,2.69,37,2.11,2.03,1.88,1.79,21,0.25,1.7,1.66,2.38,2.29,2.7,3.21,2.92
SP1,13/01/2019,Ath Madrid,Levante,1,0,H,0,0,D,19,7,5,2,9,17,5,2,0,3,0,0,1.25,6,12,1.28,5.75,11,1.3,5.5,9.6,1.26,5.93,13.8,1.25,5.8,13,1.29,6,11.5,38,1.3,1.27,6.1,5.75,14,11.97,37,1.7,1.64,2.4,2.26,23,-1.5,1.91,1.85,2.12,2.02,1.32,5.18,11.82
SP1,13/01/2019,Barcelona,Eibar,3,0,H,1,0,H,7,15,6,2,10,12,2,3,2,1,0,0,1.12,9,21,1.12,9.5,18,1.15,8,17,1.14,9.51,19.09,1.12,9,19,1.12,9.5,21,38,1.16,1.13,10.75,9.07,23,18.4,36,1.26,1.24,3.85,3.61,23,-2.5,2.15,1.98,1.93,1.88,1.17,8.07,17.37
SP1,13/01/2019,Betis,Real Madrid,1,2,A,0,1,A,9,14,2,5,9,13,6,5,2,3,0,0,3.25,3.75,2.1,3.25,3.75,2.1,3.45,3.5,2.1,3.29,3.94,2.13,3.25,3.75,2.1,3.2,3.8,2.1,36,3.45,3.26,4,3.74,2.18,2.11,34,1.67,1.62,2.4,2.28,21,0.25,2.05,2.01,1.89,1.85,3.06,3.77,2.31
SP1,14/01/2019,Sociedad,Espanol,3,2,H,2,2,D,9,21,4,2,15,12,7,3,7,4,1,0,2,3.3,4,1.95,3.3,4.2,2,3.2,4.2,2,3.31,4.47,1.91,3.3,4.4,1.95,3.4,4.1,37,2.03,1.97,3.45,3.31,4.5,4.16,36,2.35,2.26,1.7,1.64,20,-0.25,1.71,1.68,2.31,2.25,2.2,3.29,3.75
SP1,18/01/2019,Getafe,Alaves,4,0,H,1,0,H,12,6,5,0,17,18,4,2,0,4,0,0,2,3.1,4.5,1.95,3.1,4.75,1.9,3.3,4.5,2.09,3.01,4.63,2,3.1,4.4,2.05,3.2,4.3,34,2.1,2.01,3.3,3.07,4.9,4.54,32,3,2.74,1.49,1.44,16,-0.75,2.49,2.39,1.67,1.61,1.79,3.47,5.48
SP1,19/01/2019,Celta,Valencia,1,2,A,1,0,H,12,13,4,8,18,12,4,6,4,3,0,0,3.1,3.2,2.4,3.1,3.1,2.45,2.7,3.2,2.7,3.15,3.34,2.45,3,3.2,2.45,3.13,3.25,2.45,37,3.2,3.04,3.34,3.22,2.7,2.45,36,2.25,2.14,1.78,1.71,21,0.25,1.84,1.8,2.13,2.09,3.37,3.41,2.29
SP1,19/01/2019,Huesca,Ath Madrid,0,3,A,0,1,A,14,15,3,8,15,13,6,5,2,2,0,0,5.75,3.6,1.66,5.75,3.6,1.67,6.7,3.6,1.6,6.01,3.5,1.74,5.8,3.6,1.67,5.75,3.6,1.73,37,6.7,5.68,3.7,3.55,1.76,1.7,36,2.35,2.23,1.7,1.66,23,1,1.7,1.65,2.38,2.31,6.26,3.46,1.72
SP1,19/01/2019,Real Madrid,Sevilla,2,0,H,0,0,D,23,4,6,1,9,14,7,4,2,3,0,0,1.7,4.2,4.5,1.72,4.1,4.5,1.7,4.2,4.5,1.77,4.12,4.55,1.7,4.2,4.5,1.75,4.2,4.5,37,1.8,1.74,4.25,4.1,4.65,4.42,35,1.56,1.53,2.6,2.48,21,-1,2.31,2.25,1.72,1.69,1.69,4.17,5.06
SP1,20/01/2019,Barcelona,Leganes,3,1,H,1,0,H,15,5,7,2,12,18,5,1,3,3,0,0,1.12,9,21,1.13,9,19.5,1.12,8.5,22,1.14,8.97,24.26,1.11,9,23,1.12,9,23,37,1.15,1.13,11.25,8.86,27,21.43,35,1.4,1.36,3.25,3.07,23,-2.5,2.11,2.06,1.86,1.81,1.22,6.35,16.61
SP1,20/01/2019,Betis,Girona,3,2,H,1,2,A,12,8,5,5,9,12,7,2,2,4,0,0,1.61,3.75,6,1.62,3.9,5.75,1.75,3.7,4.8,1.65,4.05,5.64,1.65,3.8,5.5,1.67,3.9,5.75,37,1.75,1.64,4.1,3.9,6,5.51,35,2.03,1.94,1.96,1.87,23,-1,2.25,2.16,1.8,1.73,1.65,3.97,5.92
SP1,20/01/2019,Levante,Valladolid,2,0,H,1,0,H,13,13,4,3,12,18,3,2,6,5,0,0,2.1,3.5,3.5,2.05,3.5,3.6,2.1,3.4,3.5,2.12,3.64,3.59,2.05,3.5,3.6,2.1,3.6,3.4,37,2.14,2.08,3.75,3.55,3.65,3.5,35,1.85,1.78,2.1,2.04,21,-0.25,1.86,1.81,2.11,2.07,1.94,3.65,4.18
SP1,20/01/2019,Vallecano,Sociedad,2,2,D,2,1,H,11,10,4,4,14,10,2,9,2,1,0,0,2.87,3.3,2.5,2.85,3.3,2.5,2.85,3.3,2.5,2.82,3.63,2.53,2.8,3.5,2.45,2.75,3.5,2.5,37,2.91,2.81,3.63,3.46,2.56,2.49,35,1.9,1.84,2.08,1.97,21,0.25,1.77,1.74,2.23,2.16,2.89,3.35,2.63
SP1,20/01/2019,Villarreal,Ath Bilbao,1,1,D,0,1,A,3,9,1,2,17,13,1,3,4,1,0,0,2.2,3.3,3.4,2.15,3.3,3.5,2.2,3.3,3.4,2.3,3.32,3.45,2.2,3.3,3.4,2.25,3.4,3.2,37,2.32,2.24,3.45,3.31,3.5,3.36,36,2.16,2.07,1.82,1.76,21,-0.25,2.01,1.95,1.96,1.92,2.04,3.51,3.98
SP1,21/01/2019,Eibar,Espanol,3,0,H,1,0,H,16,6,9,0,16,10,6,2,2,5,0,0,2.1,3.1,4,2.05,3.3,3.8,2.1,3.3,3.65,2.09,3.42,3.91,2.05,3.3,3.8,2.05,3.4,3.75,36,2.11,2.06,3.46,3.34,4,3.79,35,2.3,2.18,1.74,1.68,20,-0.25,1.83,1.78,2.19,2.11,1.85,3.66,4.68
SP1,26/01/2019,Ath Madrid,Getafe,2,0,H,2,0,H,10,6,6,2,11,26,3,6,2,7,0,2,1.53,3.6,8,1.55,3.7,7.25,1.55,3.7,7.2,1.59,3.69,7.62,1.57,3.6,7.5,1.62,3.7,7,37,1.62,1.58,3.87,3.67,8,7.21,35,2.57,2.45,1.6,1.55,23,-1,2.16,2.09,1.85,1.79,1.71,3.25,7.24
SP1,26/01/2019,Leganes,Eibar,2,2,D,0,2,A,9,5,3,2,15,14,4,5,2,3,0,0,2.62,3,3,2.6,3,3,2.7,2.9,2.9,2.77,3.04,2.99,2.62,3,3,2.75,3,3,37,2.8,2.68,3.12,2.98,3.05,2.96,35,2.9,2.7,1.5,1.45,21,-0.25,2.31,2.26,1.71,1.67,2.77,2.98,3.05
SP1,26/01/2019,Sevilla,Levante,5,0,H,0,0,D,23,7,9,0,15,13,5,8,2,1,0,0,1.53,4.33,6,1.55,4.33,5.75,1.5,4.5,6.2,1.56,4.41,6.1,1.55,4.33,5.8,1.57,4.5,5.5,37,1.59,1.55,4.6,4.38,6.5,5.8,36,1.52,1.47,2.63,2.45,23,-1,1.96,1.9,2.01,1.96,1.4,5.1,8.17
SP1,26/01/2019,Valencia,Villarreal,3,0,H,1,0,H,18,14,9,5,13,8,7,4,1,3,0,0,1.83,3.6,4.5,1.87,3.4,4.5,1.87,3.6,4.2,1.9,3.61,4.47,1.85,3.5,4.33,1.91,3.6,4.4,37,1.94,1.88,3.75,3.55,4.5,4.28,35,2,1.92,1.95,1.89,21,-1,2.77,2.69,1.55,1.49,2.08,3.4,3.97
SP1,27/01/2019,Ath Bilbao,Betis,1,0,H,1,0,H,11,8,2,2,20,6,6,4,4,2,1,0,2.1,3.3,3.5,2.15,3.3,3.5,2.05,3.4,3.65,2.11,3.48,3.78,2.1,3.3,3.7,2.1,3.4,3.6,36,2.17,2.1,3.54,3.37,3.82,3.64,35,2.15,2.06,1.84,1.76,20,-0.25,1.85,1.8,2.12,2.08,2.1,3.3,4.05
SP1,27/01/2019,Espanol,Real Madrid,2,4,A,1,3,A,13,16,6,9,15,17,1,6,3,4,0,1,4.2,4,1.8,4.1,4,1.8,4.4,3.7,1.8,4.33,4.03,1.82,4.2,3.9,1.8,4.2,3.9,1.8,35,4.5,4.21,4.05,3.86,1.85,1.8,33,1.76,1.7,2.24,2.16,20,1,1.62,1.58,2.51,2.45,5.59,4.02,1.66
SP1,27/01/2019,Girona,Barcelona,0,2,A,0,1,A,13,15,5,7,18,12,3,8,5,3,1,0,10,5.25,1.33,9.5,5.25,1.33,8.8,5.3,1.33,8.95,5.59,1.35,8.5,5.5,1.33,9,5.5,1.33,36,10,8.79,5.65,5.34,1.37,1.34,34,1.55,1.48,2.76,2.58,22,1.5,1.95,1.92,2.01,1.95,10.12,5.66,1.32
SP1,27/01/2019,Sociedad,Huesca,0,0,D,0,0,D,8,8,1,1,9,22,5,2,0,3,0,0,1.61,3.75,6,1.62,3.9,5.75,1.57,3.9,6.1,1.62,4.1,5.98,1.62,3.9,5.8,1.6,4,5.75,37,1.66,1.61,4.25,3.96,6.1,5.68,34,1.95,1.87,2,1.94,22,-1,2.16,2.08,1.85,1.79,1.63,3.92,6.31
SP1,27/01/2019,Valladolid,Celta,2,1,H,0,1,A,19,8,7,3,15,19,7,5,2,5,0,1,2.4,3.2,3.1,2.4,3.25,3.1,2.4,3.15,3.1,2.5,3.26,3.14,2.4,3.2,3.1,2.45,3.3,3.13,37,2.52,2.42,3.3,3.2,3.21,3.1,35,2.38,2.28,1.67,1.62,20,-0.25,2.12,2.07,1.84,1.81,2.57,3.15,3.15
SP1,28/01/2019,Alaves,Vallecano,0,1,A,0,0,D,16,14,1,3,14,19,7,4,2,5,0,0,2.15,3.3,3.5,2.15,3.25,3.6,2.05,3.3,3.8,2.24,3.38,3.54,2.2,3.25,3.5,2.2,3.3,3.4,36,2.29,2.2,3.38,3.27,3.8,3.47,35,2.2,2.13,1.77,1.71,20,-0.25,1.96,1.9,2.02,1.98,2.4,3.27,3.31
SP1,01/02/2019,Huesca,Valladolid,4,0,H,1,0,H,11,9,7,4,17,11,7,7,6,2,0,0,2.25,3.25,3.4,2.25,3.2,3.4,2.3,3.05,3.45,2.31,3.29,3.47,2.25,3.1,3.5,2.25,3.25,3.6,35,2.35,2.28,3.3,3.16,3.6,3.45,33,2.65,2.52,1.57,1.52,19,-0.5,2.35,2.27,1.7,1.67,2.22,3.27,3.7
SP1,02/02/2019,Barcelona,Valencia,2,2,D,1,2,A,20,14,8,7,8,5,9,1,3,0,0,0,1.28,5.75,11,1.3,5.75,9.25,1.3,5.8,9,1.3,6.41,9.03,1.25,6.5,10,1.29,6.25,10.5,35,1.32,1.29,6.5,6.05,11,9.31,32,1.4,1.36,3.35,3.09,22,-1.5,1.82,1.77,2.15,2.09,1.44,4.88,7.54
SP1,02/02/2019,Celta,Sevilla,1,0,H,0,0,D,10,13,4,2,13,12,4,9,4,4,0,0,3.75,3.6,2,3.7,3.6,2,3.6,3.6,2,3.73,3.77,2.03,3.6,3.6,2,3.6,3.7,2.1,35,3.8,3.61,3.77,3.61,2.1,2.02,34,1.85,1.77,2.14,2.05,20,0.25,2.19,2.11,1.8,1.77,3.53,3.62,2.15
SP1,02/02/2019,Levante,Getafe,0,0,D,0,0,D,8,9,4,2,7,15,5,5,4,3,0,0,2.37,3.25,3.1,2.4,3.25,3.1,2.4,3.3,3,2.47,3.37,3.09,2.4,3.3,3,2.4,3.4,3.1,35,2.48,2.39,3.42,3.33,3.2,3.05,33,2.05,1.98,1.91,1.83,20,-0.25,2.11,2.05,1.86,1.82,2.58,3.4,2.92
SP1,02/02/2019,Sociedad,Ath Bilbao,2,1,H,2,0,H,6,8,2,5,17,13,3,3,1,1,0,0,2.35,3.3,3.2,2.25,3.25,3.4,2.4,3.15,3.15,2.41,3.24,3.32,2.3,3.2,3.25,2.38,3.3,3.25,35,2.42,2.35,3.3,3.18,3.4,3.25,34,2.4,2.3,1.67,1.62,20,-0.25,2.05,2.01,1.9,1.86,2.58,2.93,3.38
SP1,03/02/2019,Betis,Ath Madrid,1,0,H,0,0,D,7,13,3,1,7,21,1,7,4,3,0,0,4,3.2,2.05,3.8,3.3,2.05,4,3.15,2.05,3.99,3.45,2.06,3.9,3.3,2,4,3.3,2,34,4.05,3.9,3.45,3.31,2.12,2.04,32,2.45,2.34,1.65,1.6,20,0.25,2.2,2.13,1.8,1.75,4.05,3.31,2.1
SP1,03/02/2019,Eibar,Girona,3,0,H,1,0,H,17,6,5,2,12,9,8,5,2,1,0,0,1.66,4,5,1.72,3.7,5,1.8,3.6,4.5,1.74,3.95,4.99,1.67,4,5,1.7,3.8,5,35,1.8,1.71,4.05,3.86,5.25,4.9,33,2,1.93,1.95,1.87,22,-1,2.44,2.32,1.7,1.64,1.64,4.21,5.49
SP1,03/02/2019,Real Madrid,Alaves,3,0,H,1,0,H,22,8,8,1,10,12,7,2,0,3,0,0,1.2,6.5,15,1.22,6.5,12.5,1.25,6.1,11,1.23,6.91,12.51,1.22,6.5,13,1.2,6.5,15,35,1.25,1.22,7.25,6.53,15.5,12.8,34,1.48,1.43,2.95,2.76,22,-2,2.18,2.06,1.86,1.8,1.2,7.61,14.04
SP1,03/02/2019,Villarreal,Espanol,2,2,D,1,0,H,14,17,5,2,22,16,3,2,4,5,0,0,1.8,3.75,4.5,1.8,3.75,4.4,1.8,3.7,4.35,1.83,3.97,4.35,1.75,3.8,4.5,1.8,3.8,4.75,35,1.84,1.81,4,3.79,4.75,4.34,33,1.95,1.89,1.99,1.92,21,-1,2.69,2.53,1.6,1.54,2.15,3.6,3.55
SP1,04/02/2019,Vallecano,Leganes,1,2,A,0,1,A,15,13,6,4,19,10,5,6,6,4,0,1,2.37,3.25,3.1,2.3,3.1,3.4,2.35,3.1,3.3,2.39,3.16,3.44,2.3,3.1,3.4,2.38,3.2,3.2,34,2.4,2.34,3.25,3.13,3.48,3.31,33,2.45,2.34,1.65,1.59,19,-0.25,2.05,2,1.9,1.86,2.75,3.11,2.94
SP1,08/02/2019,Valladolid,Villarreal,0,0,D,0,0,D,9,7,3,3,13,18,8,3,3,2,0,0,2.9,3.3,2.4,3,3.25,2.45,3,3.3,2.4,3.09,3.29,2.52,3,3.2,2.55,3,3.3,2.55,34,3.1,2.99,3.35,3.24,2.58,2.48,33,2.16,2.09,1.81,1.75,19,0,2.18,2.13,1.8,1.76,3.23,3.45,2.35
SP1,09/02/2019,Ath Madrid,Real Madrid,1,3,A,1,2,A,11,11,2,4,21,16,3,4,7,3,1,0,2.37,3.25,3.1,2.4,3.3,3,2.4,3.25,3.05,2.43,3.32,3.2,2.45,3.2,3.1,2.45,3.3,3.1,33,2.51,2.42,3.35,3.25,3.2,3.06,32,2.13,2.06,1.85,1.77,19,-0.25,2.12,2.07,1.85,1.81,2.66,3.21,2.97
SP1,09/02/2019,Espanol,Vallecano,2,1,H,0,1,A,15,9,5,3,11,19,6,2,0,2,0,0,1.8,3.6,4.5,1.8,3.7,4.5,1.8,3.6,4.5,1.83,3.71,4.7,1.83,3.6,4.6,1.85,3.7,4.6,34,1.87,1.82,3.75,3.62,4.75,4.51,32,1.97,1.9,2,1.91,20,-1,2.62,2.53,1.6,1.54,1.7,3.89,5.42
SP1,09/02/2019,Getafe,Celta,3,1,H,1,1,D,12,13,6,3,16,13,4,3,3,3,0,1,1.9,3.4,4.33,1.87,3.4,4.6,1.95,3.3,4.3,1.95,3.38,4.56,1.95,3.3,4.4,1.95,3.4,4.5,34,2,1.94,3.4,3.32,4.6,4.36,32,2.45,2.38,1.65,1.58,20,-0.75,2.33,2.25,1.72,1.69,2.03,3.31,4.34
SP1,09/02/2019,Girona,Huesca,0,2,A,0,2,A,13,6,7,6,9,18,13,2,3,1,1,0,2,3.3,4,1.95,3.4,4.1,1.97,3.35,4.1,2,3.43,4.27,2,3.3,4.2,2,3.4,4.1,33,2.04,1.98,3.5,3.35,4.3,4.1,31,2.21,2.1,1.78,1.73,19,-0.25,1.73,1.7,2.28,2.22,1.92,3.48,4.58
SP1,10/02/2019,Ath Bilbao,Barcelona,0,0,D,0,0,D,13,10,5,2,23,10,6,4,4,2,1,0,4.75,4,1.7,4.75,3.9,1.72,4.5,3.9,1.75,4.81,3.84,1.79,4.75,4,1.73,4.4,4,1.75,34,5.13,4.66,4.08,3.86,1.8,1.74,33,1.71,1.66,2.35,2.21,22,1,1.73,1.64,2.39,2.3,5.27,3.74,1.75
SP1,10/02/2019,Leganes,Betis,3,0,H,2,0,H,16,3,4,1,22,11,4,4,4,2,0,1,2.25,3,3.6,2.35,3.1,3.3,2.3,3.05,3.4,2.38,3.18,3.45,2.35,3.1,3.4,2.3,3.2,3.5,33,2.43,2.34,3.2,3.1,3.6,3.36,31,2.63,2.48,1.42,1.38,20,-0.25,2.03,1.97,1.94,1.89,2.08,3.28,4.16
SP1,10/02/2019,Sevilla,Eibar,2,2,D,0,1,A,13,8,4,4,11,7,9,7,4,2,1,0,1.66,4,5,1.67,4.1,4.75,1.67,4.05,4.85,1.68,4.16,5.13,1.7,4,5,1.65,4.1,5,33,1.73,1.68,4.2,4.02,5.13,4.92,32,1.75,1.71,2.25,2.14,21,-1,2.25,2.17,1.77,1.72,1.85,3.54,4.89
SP1,10/02/2019,Valencia,Sociedad,0,0,D,0,0,D,10,8,4,1,11,18,7,5,2,4,0,0,1.83,3.5,4.5,1.83,3.5,4.5,1.8,3.6,4.55,1.82,3.74,4.74,1.83,3.6,4.6,1.8,3.7,4.8,33,1.89,1.82,3.75,3.58,4.8,4.54,32,2.11,2.02,1.87,1.8,20,-1,2.63,2.54,1.6,1.54,1.83,3.56,5.01
SP1,11/02/2019,Alaves,Levante,2,0,H,1,0,H,16,8,4,0,14,18,3,10,3,2,0,0,2,3.4,3.8,2.05,3.4,3.8,2.05,3.45,3.6,2.1,3.54,3.75,2.05,3.5,3.7,2.05,3.5,3.6,34,2.12,2.06,3.6,3.47,3.85,3.65,32,2.05,1.97,1.9,1.84,20,-0.25,1.81,1.78,2.14,2.09,2.14,3.38,3.79
SP1,15/02/2019,Eibar,Getafe,2,2,D,0,1,A,11,7,6,4,12,12,3,3,2,2,0,0,2.05,3.3,4,2.05,3.1,4.1,2.05,3.1,4.05,2.11,3.16,4.24,2.1,3.1,4,2.1,3.25,4.1,32,2.13,2.09,3.3,3.12,4.3,4.07,30,2.78,2.64,1.57,1.47,16,-0.25,1.81,1.78,2.16,2.11,2.07,3.09,4.55
SP1,16/02/2019,Barcelona,Valladolid,1,0,H,1,0,H,20,10,8,0,12,18,3,5,1,3,0,0,1.14,9,15,1.16,8,16,1.15,8,17,1.15,8.44,21.24,1.14,8,19,1.15,9,19,31,1.18,1.16,9,8.08,21.24,17.25,29,1.41,1.36,3.5,3.07,17,-2,1.79,1.75,2.19,2.13,1.14,9.04,23.66
SP1,16/02/2019,Celta,Levante,1,4,A,0,2,A,14,14,7,8,12,17,5,7,1,1,1,0,1.8,3.8,4.5,1.85,3.7,4.2,1.8,3.9,4.2,1.83,4.05,4.26,1.78,3.9,4.33,1.83,4,4.3,32,1.87,1.82,4.05,3.85,4.5,4.2,31,1.7,1.65,2.33,2.22,17,-1,2.55,2.44,1.65,1.57,1.75,4.06,4.75
SP1,16/02/2019,Sociedad,Leganes,3,0,H,0,0,D,15,8,6,3,10,16,4,1,4,2,0,0,2.05,3.1,4.2,2.05,3.1,4.1,2.05,3.15,4,2.11,3.2,4.18,2.05,3.1,4.2,2.1,3.2,4.1,31,2.11,2.07,3.21,3.13,4.27,4.06,29,2.61,2.48,1.57,1.53,15,-0.25,1.79,1.77,2.19,2.11,2.33,2.97,3.84
SP1,16/02/2019,Vallecano,Ath Madrid,0,1,A,0,0,D,12,4,6,3,10,14,4,6,0,1,0,0,6,3.5,1.65,5.75,3.6,1.67,4.9,3.4,1.8,5.68,3.86,1.68,5.5,3.7,1.67,6,3.75,1.67,32,6,5.51,3.86,3.7,1.8,1.68,31,2.3,2.17,1.74,1.68,18,1,1.73,1.67,2.45,2.26,6.59,4.03,1.58
SP1,17/02/2019,Betis,Alaves,1,1,D,1,1,D,19,6,10,3,10,12,6,3,4,1,0,0,1.72,3.5,5.25,1.8,3.4,5,1.8,3.5,4.7,1.83,3.42,5.31,1.78,3.4,5.25,1.8,3.5,4.8,32,1.85,1.8,3.57,3.42,5.33,5,31,2.35,2.26,1.69,1.63,18,-1,2.63,2.54,1.59,1.54,1.76,3.55,5.63
SP1,17/02/2019,Real Madrid,Girona,1,2,A,1,0,H,19,14,7,6,13,18,7,0,3,2,1,0,1.16,8,15,1.19,7,15,1.2,7,13,1.21,7.15,14.44,1.18,7.5,15,1.2,7.5,15,32,1.23,1.2,8,7.03,16.5,14.12,31,1.44,1.41,3.2,2.84,18,-2,2.03,1.96,1.95,1.88,1.18,8.03,15.95
SP1,17/02/2019,Valencia,Espanol,0,0,D,0,0,D,21,6,1,1,12,10,10,2,2,4,0,1,1.72,3.7,4.8,1.8,3.5,4.75,1.75,3.7,4.8,1.78,3.69,5.17,1.75,3.7,4.8,1.75,3.8,5,32,1.84,1.77,3.8,3.63,5.17,4.81,30,2,1.93,1.95,1.87,18,-1,2.55,2.41,1.65,1.6,1.81,3.6,5.1
SP1,17/02/2019,Villarreal,Sevilla,3,0,H,2,0,H,12,21,6,5,7,12,6,4,4,1,0,0,2.5,3.4,2.8,2.45,3.5,2.8,2.6,3.3,2.75,2.64,3.6,2.72,2.5,3.5,2.75,2.5,3.6,2.7,32,2.65,2.54,3.6,3.45,2.83,2.75,30,1.88,1.82,2.05,1.98,16,-0.25,2.27,2.2,1.76,1.71,2.47,3.47,3.02
SP1,18/02/2019,Huesca,Ath Bilbao,0,1,A,0,1,A,12,9,2,4,16,11,3,5,5,1,0,0,3.1,3.1,2.5,3.1,3.1,2.45,2.85,3.2,2.55,3.25,3.16,2.5,3.1,3.1,2.45,3.1,3.2,2.4,32,3.3,3.11,3.22,3.12,2.55,2.45,31,2.4,2.31,1.66,1.61,16,0.25,1.83,1.79,2.13,2.09,3.68,3.21,2.26
SP1,22/02/2019,Espanol,Huesca,1,1,D,1,0,H,13,13,2,4,9,16,7,4,2,4,0,0,1.72,3.6,5,1.75,3.6,5,1.77,3.65,4.75,1.79,3.68,5.1,1.73,3.7,5,1.75,3.7,5.2,35,1.81,1.76,3.8,3.64,5.27,4.96,34,2.08,2.01,1.86,1.81,21,-1,2.47,2.41,1.64,1.6,1.74,3.6,5.7
SP1,23/02/2019,Alaves,Celta,0,0,D,0,0,D,17,8,4,2,15,9,3,4,2,2,0,0,2.3,3.3,3.2,2.3,3.25,3.2,2.3,3.25,3.2,2.35,3.4,3.28,2.3,3.3,3.2,2.38,3.3,3.3,35,2.4,2.31,3.42,3.29,3.35,3.22,34,2.25,2.19,1.75,1.68,19,-0.25,2.02,1.98,1.92,1.89,2.53,3.09,3.27
SP1,23/02/2019,Ath Bilbao,Eibar,1,0,H,1,0,H,9,7,4,2,10,17,10,2,3,4,0,0,2.1,3.25,3.8,2.1,3.2,3.8,2.1,3.2,3.8,2.17,3.19,3.97,2.05,3.3,3.8,2.15,3.25,3.9,35,2.18,2.12,3.3,3.19,3.97,3.82,34,2.45,2.34,1.65,1.6,19,-0.25,1.84,1.81,2.12,2.07,2.21,3.18,3.86
SP1,23/02/2019,Getafe,Vallecano,2,1,H,1,0,H,11,7,2,2,12,13,2,2,2,1,0,0,1.7,3.6,5.5,1.72,3.6,5.25,1.75,3.5,5.2,1.78,3.57,5.43,1.7,3.6,5.5,1.75,3.6,5.5,35,1.78,1.74,3.7,3.53,5.65,5.28,34,2.43,2.34,1.65,1.6,21,-1,2.52,2.42,1.62,1.59,1.93,3.33,4.82
SP1,23/02/2019,Sevilla,Barcelona,2,4,A,2,1,H,13,17,4,8,15,11,3,8,6,1,0,0,3.5,4,1.95,3.6,4,1.91,3.6,3.9,1.93,3.69,4.05,1.96,3.6,3.8,1.95,3.75,4,1.95,35,3.75,3.62,4.1,3.91,2,1.94,33,1.55,1.49,2.76,2.57,19,0.75,1.75,1.71,2.26,2.2,3.99,4.24,1.85
SP1,24/02/2019,Ath Madrid,Villarreal,2,0,H,1,0,H,15,14,7,3,9,10,6,7,0,3,0,0,1.57,3.75,7,1.57,3.9,6.25,1.57,3.9,6.4,1.58,4.08,6.56,1.55,4,6.5,1.55,4,6.5,35,1.63,1.57,4.1,3.92,7,6.34,34,2.25,2.15,1.75,1.7,21,-1,2.15,2.02,1.88,1.83,1.57,3.83,7.51
SP1,24/02/2019,Leganes,Valencia,1,1,D,0,1,A,17,6,6,1,14,10,4,2,5,3,0,0,2.8,3.1,2.7,2.8,2.95,2.8,2.8,3.05,2.7,2.93,3.08,2.79,2.8,3,2.75,2.88,3.1,2.8,35,2.96,2.84,3.12,3.03,2.85,2.73,33,2.58,2.48,1.6,1.54,19,0.25,1.68,1.65,2.38,2.3,3.24,2.99,2.62
SP1,24/02/2019,Levante,Real Madrid,1,2,A,0,1,A,11,19,2,5,17,11,4,6,5,3,1,1,5.25,4.75,1.53,5.25,4.6,1.55,5.2,4.65,1.55,5.85,4.68,1.55,5.5,4.6,1.53,5.75,4.75,1.5,35,5.9,5.54,4.8,4.56,1.61,1.54,32,1.4,1.36,3.3,3.07,21,1,2.11,2.04,1.89,1.82,6.48,5.29,1.45
SP1,24/02/2019,Valladolid,Betis,0,2,A,0,1,A,10,6,2,3,10,9,13,4,1,2,0,0,2.7,3.2,2.75,2.75,3.2,2.7,2.65,3.15,2.8,2.72,3.32,2.81,2.62,3.2,2.8,2.63,3.2,2.8,35,2.75,2.67,3.32,3.17,2.86,2.78,34,2.4,2.3,1.66,1.62,19,-0.25,2.33,2.26,1.71,1.67,2.41,3.21,3.34
SP1,25/02/2019,Girona,Sociedad,0,0,D,0,0,D,10,7,3,1,26,15,3,5,4,1,0,0,2.37,3.2,3,2.45,3.2,3,2.45,3.25,3,2.45,3.4,3.1,2.5,3.25,2.9,2.45,3.3,3,35,2.65,2.46,3.4,3.27,3.1,2.98,34,2.25,2.16,1.75,1.69,19,-0.25,2.16,2.1,1.83,1.79,2.37,3.25,3.38
SP1,01/03/2019,Vallecano,Girona,0,2,A,0,1,A,9,12,3,4,17,23,7,1,3,4,1,0,2.25,3.4,3.2,2.25,3.3,3.3,2.3,3.35,3.2,2.36,3.37,3.3,2.2,3.3,3.4,2.3,3.4,3.25,31,2.36,2.29,3.52,3.33,3.53,3.25,30,2.01,1.94,1.94,1.87,17,-0.5,2.35,2.29,1.69,1.66,2.52,3.3,3.08
SP1,02/03/2019,Espanol,Valladolid,3,1,H,1,1,D,15,14,6,3,17,8,5,3,2,2,0,0,1.8,3.6,4.75,1.78,3.5,5,1.8,3.5,4.85,1.82,3.59,5.01,1.8,3.5,4.75,1.8,3.6,5,32,1.85,1.8,3.7,3.52,5.01,4.83,31,2.4,2.25,1.7,1.65,19,-1,2.62,2.56,1.6,1.54,1.69,3.76,5.83
SP1,02/03/2019,Huesca,Sevilla,2,1,H,1,0,H,7,12,3,5,15,16,3,12,5,4,0,0,3.8,3.6,1.95,3.9,3.6,1.95,3.85,3.55,1.95,3.94,3.74,1.98,3.9,3.6,1.95,4,3.6,2,33,4,3.85,3.75,3.6,2.02,1.96,31,1.9,1.85,2.05,1.96,19,0.25,2.27,2.21,1.75,1.71,4.11,3.61,1.98
SP1,02/03/2019,Real Madrid,Barcelona,0,1,A,0,1,A,17,10,3,4,16,13,8,6,3,2,0,0,2.75,3.7,2.45,2.7,3.75,2.4,2.7,3.7,2.4,2.74,3.78,2.53,2.7,3.7,2.45,2.7,3.75,2.5,33,2.8,2.71,3.85,3.71,2.56,2.46,32,1.5,1.47,2.8,2.64,18,0.25,1.78,1.74,2.2,2.15,2.65,3.8,2.64
SP1,02/03/2019,Villarreal,Alaves,1,2,A,0,0,D,9,10,2,2,15,12,8,2,2,3,0,0,1.66,3.75,5.5,1.67,3.7,5.5,1.67,3.85,5.2,1.67,4.02,5.47,1.65,3.9,5.25,1.67,3.9,5.75,33,1.7,1.67,4.05,3.86,5.75,5.31,31,2.07,2.01,1.86,1.81,21,-1,2.31,2.22,1.75,1.69,1.57,4.21,6.39
SP1,03/03/2019,Betis,Getafe,1,2,A,0,2,A,6,11,2,5,14,14,4,4,2,2,0,0,2.3,3,3.4,2.35,3,3.4,2.35,3.05,3.35,2.42,3.08,3.48,2.25,3.1,3.6,2.4,3.1,3.25,33,2.42,2.37,3.15,3.02,3.7,3.38,31,2.61,2.5,1.6,1.52,19,-0.25,2.06,2.02,1.91,1.85,2.4,3.13,3.45
SP1,03/03/2019,Eibar,Celta,1,0,H,0,0,D,15,3,4,1,14,16,7,0,1,1,0,0,1.72,3.8,4.75,1.78,3.8,4.5,1.75,3.8,4.65,1.78,3.99,4.66,1.78,3.9,4.4,1.75,3.8,5,33,1.83,1.76,4,3.82,5,4.6,31,1.95,1.89,1.98,1.91,21,-1,2.47,2.4,1.65,1.6,1.81,3.71,4.83
SP1,03/03/2019,Sociedad,Ath Madrid,0,2,A,0,2,A,19,8,3,3,12,17,7,3,1,4,0,1,4,3.25,2.05,3.75,3.25,2.1,3.7,3.3,2.1,3.87,3.37,2.12,3.7,3.25,2.1,3.75,3.25,2.1,33,4,3.71,3.4,3.28,2.19,2.11,31,2.55,2.43,1.6,1.56,19,0.25,2.12,2.06,1.85,1.81,4.23,3.1,2.14
SP1,03/03/2019,Valencia,Ath Bilbao,2,0,H,0,0,D,11,4,3,1,12,13,6,2,0,3,0,0,2,3.3,4,2,3.25,4.1,1.97,3.25,4.2,2.02,3.29,4.42,1.95,3.25,4.33,2,3.25,4.1,33,2.06,2,3.4,3.23,4.42,4.22,31,2.55,2.42,1.6,1.56,19,-0.25,1.74,1.7,2.3,2.22,2.01,3.26,4.5
SP1,04/03/2019,Leganes,Levante,1,0,H,1,0,H,14,15,3,4,15,10,2,2,6,4,0,0,1.95,3.4,4.2,1.91,3.4,4.25,1.9,3.45,4.2,1.91,3.56,4.48,1.95,3.4,4.2,1.93,3.4,4.2,32,2.01,1.92,3.56,3.42,4.5,4.24,31,2.2,2.13,1.76,1.71,18,-1,2.99,2.83,1.5,1.44,2.08,3.23,4.23
SP1,08/03/2019,Ath Bilbao,Espanol,1,1,D,0,1,A,15,5,6,2,13,20,7,0,3,5,0,0,1.66,3.6,6,1.67,3.6,5.75,1.65,3.65,5.8,1.67,3.77,6.11,1.7,3.6,5.5,1.65,3.75,6.25,31,1.73,1.67,3.8,3.64,6.28,5.86,30,2.35,2.26,1.7,1.64,16,-0.5,1.7,1.66,2.36,2.31,1.68,3.65,6.19
SP1,09/03/2019,Alaves,Eibar,1,1,D,0,0,D,16,20,3,3,10,18,3,5,1,1,0,0,2.9,3.2,2.55,2.9,3,2.7,2.95,3.05,2.6,3.04,3.01,2.75,2.88,3.1,2.62,3,3.2,2.63,34,3.05,2.94,3.28,3.06,2.75,2.64,32,2.58,2.44,1.61,1.55,20,0.25,1.75,1.7,2.3,2.23,3.38,3.29,2.35
SP1,09/03/2019,Ath Madrid,Leganes,1,0,H,0,0,D,13,3,4,2,9,7,4,4,2,2,0,0,1.45,4.2,10,1.45,4.2,8.25,1.47,4,8.1,1.47,4.2,9.04,1.47,4,8.5,1.45,4.2,9.5,34,1.5,1.46,4.35,4.1,10,8.62,32,2.45,2.36,1.65,1.59,21,-1,1.86,1.82,2.1,2.05,1.52,3.81,8.97
SP1,09/03/2019,Barcelona,Vallecano,3,1,H,1,1,D,12,8,6,1,12,17,10,4,1,2,0,0,1.16,8,15,1.17,8,15,1.15,8,16.5,1.15,8.86,18.11,1.14,8,21,1.15,8.5,23,34,1.18,1.15,8.95,8.24,23,17.91,31,1.4,1.36,3.3,3.08,21,-2,1.75,1.7,2.3,2.22,1.11,11.53,23.51
SP1,09/03/2019,Getafe,Huesca,2,1,H,0,1,A,14,8,6,1,14,17,13,1,0,4,0,0,1.61,3.6,6.5,1.62,3.7,6.25,1.63,3.7,5.8,1.63,3.91,6.31,1.62,3.75,6,1.65,3.8,6.25,34,1.67,1.63,3.91,3.77,6.5,6.03,33,2.3,2.23,1.71,1.66,21,-1,2.23,2.17,1.76,1.73,1.58,3.9,7.05
SP1,10/03/2019,Celta,Betis,0,1,A,0,0,D,7,14,1,4,17,16,4,4,3,0,0,0,2.5,3.3,2.9,2.45,3.3,2.95,2.45,3.25,2.95,2.55,3.35,2.99,2.45,3.3,3,2.55,3.3,3,34,2.55,2.48,3.42,3.27,3.06,2.97,33,2.13,2.06,1.85,1.76,20,-0.25,2.17,2.12,1.81,1.77,2.56,3.37,2.96
SP1,10/03/2019,Girona,Valencia,2,3,A,1,1,D,18,11,8,6,13,10,6,1,1,4,0,1,3.3,3.2,2.35,3.1,3.2,2.4,3.15,3.25,2.35,3.22,3.27,2.45,3.2,3.2,2.38,3.2,3.25,2.45,34,3.32,3.15,3.35,3.23,2.48,2.39,33,2.2,2.13,1.77,1.71,20,0.25,1.9,1.84,2.08,2.04,3.8,3.43,2.12
SP1,10/03/2019,Levante,Villarreal,0,2,A,0,0,D,11,13,3,5,8,21,8,2,3,5,0,0,2.9,3.3,2.5,2.8,3.4,2.5,2.75,3.45,2.5,2.84,3.54,2.56,2.8,3.4,2.5,2.75,3.5,2.5,34,2.9,2.79,3.57,3.45,2.57,2.51,33,1.8,1.75,2.19,2.09,20,0.25,1.76,1.73,2.23,2.17,2.78,3.59,2.59
SP1,10/03/2019,Sevilla,Sociedad,5,2,H,1,1,D,22,9,11,2,12,13,7,2,2,2,0,0,1.66,4.2,4.75,1.65,4.25,4.75,1.67,4.05,4.95,1.67,4.29,5.04,1.65,4,5.25,1.62,4.1,5.2,34,1.71,1.66,4.3,4.1,5.25,4.98,33,1.8,1.73,2.2,2.1,21,-1,2.25,2.17,1.8,1.73,1.63,4.07,5.85
SP1,10/03/2019,Valladolid,Real Madrid,1,4,A,1,1,D,10,15,2,6,14,12,5,12,1,6,0,1,5,4.33,1.61,5.25,4.25,1.6,4.85,4.15,1.65,5.22,4.3,1.65,5.25,4.2,1.62,5,4.33,1.62,34,5.5,5.12,4.43,4.21,1.7,1.63,32,1.61,1.56,2.5,2.4,21,1,1.86,1.82,2.1,2.05,5.77,4.29,1.6
SP1,15/03/2019,Sociedad,Levante,1,1,D,1,0,H,22,8,7,3,10,12,5,3,2,2,0,0,1.8,3.75,4.5,1.85,3.5,4.4,1.85,3.55,4.3,1.89,3.61,4.53,1.83,3.6,4.4,1.87,3.75,4.4,31,1.9,1.86,3.75,3.58,4.6,4.36,28,1.97,1.89,2,1.92,16,-1,2.69,2.63,1.55,1.51,1.87,3.7,4.52
SP1,16/03/2019,Ath Bilbao,Ath Madrid,2,0,H,0,0,D,9,9,5,2,12,4,1,7,3,1,0,0,3.9,3,2.2,3.7,3,2.25,3.7,2.95,2.25,3.87,3.01,2.3,3.75,3,2.2,3.8,3,2.3,34,3.9,3.69,3.1,2.98,2.31,2.26,33,2.9,2.78,1.5,1.44,20,0.25,2,1.95,1.95,1.92,3.88,2.92,2.36
SP1,16/03/2019,Huesca,Alaves,1,3,A,1,1,D,7,12,2,5,21,23,2,2,1,3,0,0,2.45,3.2,3,2.5,3.25,2.9,2.5,3.15,3.05,2.52,3.22,3.15,2.45,3.1,3.1,2.5,3.2,3.13,31,2.55,2.47,3.3,3.18,3.15,3.03,33,2.4,2.31,1.66,1.62,19,-0.25,2.16,2.11,1.82,1.78,2.42,3.23,3.31
SP1,16/03/2019,Leganes,Girona,0,2,A,0,2,A,12,8,3,4,20,6,6,2,8,1,0,0,2.15,3.2,3.7,2.05,3.1,4.1,2.1,3.15,3.8,2.18,3.1,4.07,2.15,3.1,3.9,2.15,3.2,4,34,2.2,2.13,3.25,3.13,4.1,3.86,32,2.62,2.49,1.58,1.53,19,-0.25,1.84,1.82,2.1,2.06,2.31,3.11,3.69
SP1,16/03/2019,Real Madrid,Celta,2,0,H,0,0,D,22,6,7,1,15,8,9,2,1,0,0,0,1.18,7.5,13,1.18,7.25,15,1.25,6.1,11,1.2,7.48,14.42,1.2,7,15,1.2,7.5,15,31,1.25,1.2,7.85,7.17,15.75,13.69,32,1.4,1.35,3.35,3.15,21,-2,2.05,1.89,2.05,1.97,1.16,8.77,16.3
SP1,17/03/2019,Betis,Barcelona,1,4,A,0,2,A,13,16,3,9,10,11,3,7,1,2,0,0,7,5,1.4,6.75,5.25,1.4,7.4,4.9,1.4,6.33,5.11,1.48,6.5,4.8,1.44,6.5,5,1.44,34,7.4,6.37,5.25,4.91,1.5,1.45,33,1.46,1.42,2.95,2.79,21,1,2.31,2.23,1.75,1.69,6.3,4.63,1.52
SP1,17/03/2019,Eibar,Valladolid,1,2,A,0,0,D,15,8,3,3,16,14,5,0,4,2,0,0,1.66,3.8,5.5,1.62,3.8,5.75,1.65,3.8,5.5,1.65,3.9,6.08,1.63,3.75,5.8,1.65,3.8,6.25,34,1.7,1.64,4,3.82,6.25,5.73,33,2.18,2.11,1.8,1.73,21,-1,2.23,2.16,1.77,1.73,1.64,3.89,6.16
SP1,17/03/2019,Espanol,Sevilla,0,1,A,0,0,D,13,12,3,3,11,14,6,5,3,4,1,1,2.4,3.5,2.9,2.55,3.6,2.65,2.5,3.45,2.75,2.56,3.59,2.81,2.45,3.5,2.8,2.6,3.5,2.8,34,2.6,2.51,3.65,3.5,2.9,2.76,32,1.82,1.76,2.17,2.07,19,0.25,1.66,1.62,2.45,2.39,2.44,3.65,2.93
SP1,17/03/2019,Valencia,Getafe,0,0,D,0,0,D,8,9,2,1,13,22,3,5,3,4,0,0,2,3.3,4,1.95,3.2,4.5,1.97,3.25,4.3,2,3.25,4.59,1.95,3.2,4.4,1.95,3.3,4.3,34,2.01,1.96,3.45,3.23,4.6,4.37,32,2.55,2.43,1.6,1.56,20,-0.25,1.71,1.68,2.33,2.26,1.86,3.47,4.93
SP1,17/03/2019,Villarreal,Vallecano,3,1,H,0,1,A,12,7,4,3,16,7,5,5,3,3,0,0,1.6,4.2,5.5,1.6,4.2,5.25,1.63,4.1,5.1,1.65,4.19,5.35,1.62,4.2,5.25,1.62,4.2,5.25,34,1.66,1.63,4.33,4.15,5.55,5.18,33,1.75,1.7,2.25,2.15,21,-1,2.15,2.08,1.85,1.8,1.67,4.07,5.41
SP1,29/03/2019,Girona,Ath Bilbao,1,2,A,1,0,H,6,8,2,5,18,18,3,3,2,4,0,0,2.87,2.9,2.7,2.85,2.95,2.75,2.9,2.95,2.75,2.94,3,2.85,2.8,2.9,2.88,2.9,3,2.8,35,3.06,2.89,3.05,2.95,2.89,2.78,33,2.7,2.57,1.55,1.5,19,-0.25,2.5,2.41,1.64,1.61,2.98,3.07,2.75
SP1,30/03/2019,Alaves,Ath Madrid,0,4,A,0,2,A,14,11,4,7,10,8,9,2,2,2,0,0,5.5,3.4,1.75,5.5,3.4,1.75,5.1,3.35,1.8,5.49,3.35,1.83,5,3.4,1.8,5.25,3.4,1.83,34,5.5,5.2,3.5,3.37,1.84,1.79,32,2.6,2.51,1.59,1.52,19,1,1.56,1.52,2.75,2.6,6.1,3.45,1.74
SP1,30/03/2019,Barcelona,Espanol,2,0,H,0,0,D,13,4,3,2,15,14,5,2,0,4,0,0,1.14,9,15,1.19,7.25,14,1.2,7,13,1.18,7.88,15.97,1.17,8,15,1.18,8.5,15,35,1.21,1.18,9,7.73,17,14.41,34,1.35,1.29,3.75,3.46,22,-2,1.85,1.79,2.13,2.07,1.19,7.4,17.18
SP1,30/03/2019,Celta,Villarreal,3,2,H,0,2,A,15,14,6,5,7,8,10,7,1,3,0,0,2.5,3.3,2.75,2.55,3.4,2.75,2.6,3.3,2.75,2.71,3.33,2.82,2.55,3.3,2.8,2.63,3.3,2.8,35,2.71,2.62,3.45,3.29,2.9,2.77,33,2.05,1.98,1.9,1.84,20,-0.25,2.31,2.24,1.72,1.68,2.46,3.39,3.09
SP1,30/03/2019,Getafe,Leganes,0,2,A,0,0,D,9,7,2,3,15,25,3,4,5,2,0,0,1.95,3.2,4.5,1.95,3.1,4.6,1.85,3.25,4.9,1.97,3.18,4.86,1.88,3.2,4.8,1.95,3.2,4.8,35,2,1.94,3.27,3.16,4.93,4.65,33,2.95,2.76,1.5,1.44,20,-1,3.27,3.02,1.45,1.41,1.99,3.06,5.1
SP1,31/03/2019,Levante,Eibar,2,2,D,2,1,H,7,17,2,3,9,12,6,7,2,1,0,0,2.8,3.5,2.45,2.75,3.6,2.45,2.7,3.55,2.5,2.73,3.65,2.6,2.7,3.6,2.5,2.75,3.6,2.55,35,2.85,2.74,3.7,3.56,2.6,2.51,34,1.71,1.67,2.3,2.21,20,0.25,1.76,1.72,2.24,2.18,2.63,3.62,2.72
SP1,31/03/2019,Real Madrid,Huesca,3,2,H,1,1,D,16,16,8,3,9,18,4,6,1,3,0,0,1.11,10,19,1.13,9.25,18.5,1.12,9,20,1.14,9.65,20.2,1.12,9,19,1.12,10,18,35,1.16,1.13,10.25,9.33,24,18.8,33,1.3,1.25,4.1,3.74,21,-2.5,1.97,1.92,1.98,1.93,1.19,7.71,16.03
SP1,31/03/2019,Sevilla,Valencia,0,1,A,0,1,A,17,4,5,2,18,9,5,3,3,1,0,0,2.05,3.5,3.6,2.05,3.6,3.5,2.1,3.5,3.45,2.09,3.6,3.69,2.05,3.5,3.6,2.15,3.5,3.6,34,2.15,2.1,3.65,3.52,3.69,3.49,32,1.86,1.81,2.1,2.01,19,-0.25,1.87,1.82,2.13,2.04,2.72,3.44,2.73
SP1,31/03/2019,Valladolid,Sociedad,1,1,D,1,0,H,10,10,4,1,18,8,7,5,4,1,0,0,2.6,3,3,2.6,3.2,2.85,2.6,3.05,2.95,2.63,3.19,3.02,2.6,3.1,2.9,2.63,3.1,2.88,35,2.7,2.62,3.2,3.11,3.03,2.92,34,2.5,2.37,1.65,1.58,20,-0.25,2.26,2.21,1.75,1.7,2.73,3.19,2.9
SP1,31/03/2019,Vallecano,Betis,1,1,D,1,0,H,20,7,5,2,22,9,6,3,5,3,1,0,2.75,3.5,2.45,2.85,3.4,2.45,2.75,3.45,2.5,2.79,3.6,2.58,2.75,2.5,2.4,2.8,3.5,2.55,35,2.86,2.77,3.6,3.49,2.58,2.5,33,1.91,1.8,2.11,2.02,20,0.25,1.76,1.73,2.22,2.16,3.16,3.64,2.3
SP1,02/04/2019,Ath Madrid,Girona,2,0,H,0,0,D,17,12,7,4,10,9,4,3,1,0,0,0,1.36,4.5,10,1.36,4.6,10,1.37,4.5,10,1.38,4.69,10.7,1.38,4.5,10,1.4,4.75,9.5,36,1.42,1.38,4.75,4.54,11.5,9.78,34,2.1,2.02,1.87,1.8,22,-1,1.7,1.63,2.43,2.33,1.37,4.76,10.96
SP1,02/04/2019,Espanol,Getafe,1,1,D,0,0,D,9,13,3,3,14,14,5,4,4,3,0,0,2.4,3.1,3.2,2.4,3.1,3.2,2.45,3.1,3.15,2.49,3.17,3.24,2.45,3.1,3.1,2.55,3.1,3.2,36,2.55,2.45,3.2,3.1,3.28,3.16,34,2.55,2.43,1.59,1.56,18,-0.5,2.52,2.45,1.61,1.58,2.31,3.2,3.59
SP1,02/04/2019,Villarreal,Barcelona,4,4,D,1,2,A,16,15,9,9,10,10,5,3,4,7,1,0,5.25,4.2,1.61,5.25,4.2,1.62,5,4,1.65,5.14,4.23,1.67,5,4.2,1.63,5.25,4.2,1.67,36,5.55,5.04,4.45,4.15,1.7,1.65,34,1.61,1.57,2.5,2.4,22,1,2.04,1.79,2.15,2.08,4.6,3.76,1.84
SP1,03/04/2019,Ath Bilbao,Levante,3,2,H,2,0,H,14,11,7,6,13,14,2,9,3,7,0,1,1.61,4,5.5,1.6,4,5.75,1.6,3.95,5.7,1.61,4.14,6,1.6,3.9,5.8,1.62,4,6,36,1.65,1.61,4.15,3.98,6.1,5.75,34,2,1.92,1.96,1.89,22,-1,2.16,2.08,1.85,1.79,1.51,4.58,6.6
SP1,03/04/2019,Eibar,Vallecano,2,1,H,0,1,A,12,13,6,2,14,9,2,6,2,2,0,0,1.61,4,5.5,1.65,3.8,5.5,1.63,4,5.2,1.66,4.13,5.44,1.63,4,5.25,1.67,4,5.5,36,1.69,1.64,4.2,3.99,5.69,5.29,34,1.91,1.79,2.12,2.03,22,-1,2.24,2.11,1.8,1.76,1.88,3.71,4.43
SP1,03/04/2019,Huesca,Celta,3,3,D,0,1,A,23,11,7,5,9,12,5,0,2,3,0,0,2.62,3.5,2.62,2.65,3.4,2.65,2.6,3.35,2.7,2.71,3.41,2.76,2.62,3.3,2.7,2.75,3.4,2.7,36,2.75,2.64,3.5,3.35,2.84,2.72,34,2.01,1.95,1.92,1.86,20,-0.25,2.32,2.26,1.7,1.67,2.66,3.4,2.82
SP1,03/04/2019,Valencia,Real Madrid,2,1,H,1,0,H,11,15,4,5,9,13,6,6,2,2,0,0,3.3,3.6,2.15,3.3,3.7,2.1,3.25,3.7,2.1,3.34,3.73,2.18,3.3,3.6,2.15,3.4,3.7,2.15,36,4,3.3,4.05,3.65,2.22,2.13,34,1.67,1.62,2.4,2.29,20,0.25,2.51,2.03,1.9,1.85,2.83,3.69,2.5
SP1,04/04/2019,Leganes,Valladolid,1,0,H,0,0,D,18,8,2,1,13,11,3,4,2,2,0,0,1.9,3.3,4.5,1.91,3.25,4.5,1.93,3.2,4.55,1.95,3.27,4.78,1.91,3.2,4.6,1.91,3.25,4.6,36,2,1.93,3.35,3.22,4.8,4.57,34,2.77,2.61,1.55,1.48,20,-0.75,2.3,2.25,1.72,1.68,2.12,3.08,4.36
SP1,04/04/2019,Sevilla,Alaves,2,0,H,1,0,H,18,5,5,2,13,19,11,1,3,4,0,0,1.5,4.33,6.5,1.53,4.25,6.25,1.55,4.2,5.9,1.52,4.54,6.65,1.5,4.4,6.5,1.5,4.4,6.25,36,1.55,1.52,4.55,4.38,6.76,6.24,35,1.8,1.74,2.17,2.09,22,-1,1.91,1.87,2.05,1.99,1.39,5.22,8.14
SP1,04/04/2019,Sociedad,Betis,2,1,H,1,0,H,15,11,7,6,12,13,3,6,2,3,0,0,2.25,3.3,3.3,2.2,3.4,3.3,2.2,3.3,3.4,2.22,3.49,3.46,2.15,3.4,3.4,2.2,3.4,3.3,36,2.27,2.21,3.5,3.37,3.5,3.36,35,2.2,2.1,1.8,1.74,20,-0.25,1.96,1.9,2.02,1.96,2.27,3.45,3.39
SP1,06/04/2019,Barcelona,Ath Madrid,2,0,H,0,0,D,21,9,10,2,14,12,5,1,3,4,0,1,1.75,3.6,5,1.78,3.6,4.75,1.9,3.7,3.9,1.76,3.97,4.96,1.75,3.7,4.75,1.8,3.8,4.8,34,1.9,1.76,3.97,3.76,5.02,4.73,32,1.9,1.84,2.06,1.97,19,-0.75,2,1.97,1.94,1.9,1.75,3.8,5.41
SP1,06/04/2019,Girona,Espanol,1,2,A,0,0,D,14,9,5,2,23,20,1,4,5,2,0,0,2.5,3.2,3,2.55,3.1,3,2.5,3.15,2.95,2.52,3.26,3.17,2.45,3.2,3,2.55,3.25,3,34,2.61,2.49,3.29,3.17,3.17,3.04,32,2.3,2.22,1.71,1.66,19,-0.25,2.2,2.12,1.82,1.77,2.56,3.21,3.1
SP1,06/04/2019,Real Madrid,Eibar,2,1,H,0,1,A,13,3,7,1,9,15,5,4,0,1,0,0,1.3,5.5,9.5,1.28,6,9.75,1.27,6,10,1.33,6.22,9.07,1.27,6,10,1.33,6,9.5,34,1.34,1.3,6.25,6,11.8,9.1,32,1.35,1.31,3.6,3.38,20,-1.5,1.86,1.81,2.1,2.05,1.41,5.26,7.38
SP1,06/04/2019,Vallecano,Valencia,2,0,H,1,0,H,15,12,5,3,17,10,4,7,2,3,0,0,4.2,3.5,1.9,4,3.6,1.91,3.9,3.6,1.93,4.05,3.72,1.98,3.7,3.6,2,4,3.6,2,34,4.2,3.9,3.73,3.61,2.01,1.95,32,1.95,1.87,2.01,1.94,19,0.25,2.3,2.23,1.71,1.69,4.02,3.74,1.96
SP1,07/04/2019,Alaves,Leganes,1,1,D,1,0,H,6,9,1,5,17,15,3,3,6,4,0,0,2.5,3,3.1,2.5,2.9,3.25,2.5,2.95,3.25,2.58,3.02,3.33,2.4,3.1,3.2,2.55,3,3.3,34,2.58,2.49,3.15,2.98,3.35,3.25,32,2.86,2.68,1.51,1.46,19,-0.25,2.16,2.11,1.82,1.78,2.5,3.03,3.39
SP1,07/04/2019,Betis,Villarreal,2,1,H,1,1,D,17,10,7,4,15,14,4,3,4,4,0,0,2.2,3.4,3.3,2.2,3.4,3.3,2.25,3.4,3.15,2.3,3.64,3.19,2.25,3.4,3.2,2.25,3.5,3.13,34,2.35,2.27,3.64,3.46,3.3,3.17,32,1.9,1.85,2.05,1.96,19,-0.25,2,1.96,1.96,1.9,2.34,3.49,3.22
SP1,07/04/2019,Celta,Sociedad,3,1,H,0,1,A,11,14,4,7,16,11,2,7,2,1,0,1,2.4,3.3,3,2.45,3.25,3,2.35,3.4,2.95,2.42,3.58,3.07,2.35,3.4,3,2.38,3.4,3,34,2.45,2.37,3.6,3.42,3.1,3.01,32,1.94,1.87,2.01,1.94,19,-0.25,2.1,2.05,1.86,1.82,2.45,3.39,3.12
SP1,07/04/2019,Getafe,Ath Bilbao,1,0,H,0,0,D,6,9,2,1,16,18,1,2,2,1,0,0,2.3,3,3.5,2.35,2.9,3.6,2.35,2.9,3.55,2.44,3.01,3.6,2.3,3,3.5,2.38,3,3.6,34,2.44,2.36,3.1,2.97,3.65,3.51,32,3.04,2.82,1.46,1.42,19,-0.25,2.04,1.98,1.93,1.88,2.71,3,3.1
SP1,07/04/2019,Levante,Huesca,2,2,D,1,0,H,14,17,8,4,22,12,9,1,2,4,0,0,1.95,3.6,3.8,1.95,3.6,3.8,1.97,3.7,3.6,2.02,3.91,3.71,1.95,3.75,3.7,1.95,3.8,3.6,34,2.05,1.98,3.91,3.74,3.8,3.64,33,1.71,1.67,2.3,2.2,19,-0.25,1.76,1.73,2.21,2.16,1.76,4.23,4.44
SP1,07/04/2019,Valladolid,Sevilla,0,2,A,0,0,D,10,16,5,4,17,12,6,7,3,3,0,0,3.5,3.4,2.05,3.3,3.5,2.15,3.35,3.45,2.15,3.54,3.62,2.17,3.3,3.4,2.2,3.3,3.5,2.15,34,3.55,3.37,3.65,3.48,2.22,2.16,32,1.96,1.89,2,1.92,19,0.25,2.07,2,1.9,1.86,4.18,3.69,1.93
SP1,13/04/2019,Ath Madrid,Celta,2,0,H,1,0,H,11,10,5,3,9,15,1,2,2,2,0,0,1.36,4.75,9,1.36,4.75,9.25,1.4,4.55,8.3,1.4,4.64,9.64,1.38,4.6,9,1.4,4.75,9.5,33,1.42,1.39,4.92,4.63,9.75,8.97,31,2.01,1.94,1.97,1.87,20,-1,1.7,1.65,2.41,2.31,1.5,4.29,7.74
SP1,13/04/2019,Espanol,Alaves,2,1,H,1,0,H,6,14,2,3,12,17,4,8,3,2,0,0,1.8,3.5,4.75,1.78,3.5,5,1.83,3.45,4.7,1.82,3.54,5.12,1.8,3.5,4.75,1.83,3.6,4.8,33,1.86,1.82,3.65,3.49,5.12,4.8,32,2.35,2.28,1.67,1.63,18,-0.25,1.6,1.58,2.58,2.47,1.83,3.66,4.84
SP1,13/04/2019,Huesca,Barcelona,0,0,D,0,0,D,6,10,1,2,18,13,6,5,1,2,0,0,4.75,4.2,1.65,4.75,4,1.7,5.2,4.2,1.6,4.71,4.16,1.74,5,4,1.67,4.75,4.2,1.73,33,5.2,4.7,4.2,4,1.76,1.72,31,1.66,1.62,2.47,2.3,20,1,1.77,1.7,2.31,2.23,3.02,3.55,2.43
SP1,13/04/2019,Sevilla,Betis,3,2,H,1,0,H,11,12,5,7,18,8,5,4,6,3,0,0,1.66,4,5,1.67,4.1,4.75,1.7,4.1,4.5,1.72,4.26,4.71,1.67,4.2,4.8,1.73,4.2,4.8,33,1.73,1.7,4.3,4.13,5,4.65,31,1.62,1.58,2.6,2.38,20,-1,2.27,2.2,1.75,1.71,1.58,4.44,5.78
SP1,14/04/2019,Ath Bilbao,Vallecano,3,2,H,1,1,D,15,8,9,4,10,16,3,6,1,3,0,1,1.6,4,5.5,1.65,4,5.25,1.63,4,5.3,1.64,4.18,5.51,1.63,4,5.25,1.67,4,5.5,33,1.7,1.64,4.2,4.02,5.72,5.35,31,1.85,1.8,2.1,2.02,20,-1,2.15,2.1,1.82,1.78,1.63,4.09,5.84
SP1,14/04/2019,Girona,Villarreal,0,1,A,0,1,A,14,17,5,6,12,11,9,5,2,5,0,0,2.5,3.25,2.8,2.55,3.4,2.75,2.5,3.4,2.8,2.52,3.54,2.9,2.55,3.5,2.7,2.5,3.4,2.8,32,2.68,2.5,3.55,3.44,2.91,2.83,30,1.91,1.85,2.03,1.96,17,-0.25,2.22,2.15,1.79,1.75,2.7,3.48,2.72
SP1,14/04/2019,Sociedad,Eibar,1,1,D,1,0,H,3,17,2,2,15,18,0,3,2,2,0,0,2.2,3.5,3.25,2.3,3.3,3.2,2.3,3.4,3.15,2.3,3.54,3.24,2.25,3.4,3.2,2.3,3.5,3,33,2.34,2.28,3.55,3.42,3.28,3.17,31,1.95,1.89,2,1.92,18,-0.5,2.35,2.27,1.72,1.67,2.53,3.27,3.09
SP1,14/04/2019,Valencia,Levante,3,1,H,1,0,H,23,6,6,3,12,19,8,3,2,2,0,0,1.5,4.75,5.5,1.5,4.4,6.25,1.5,4.6,5.9,1.51,4.69,6.41,1.52,4.4,6,1.5,4.6,6,33,1.54,1.51,4.85,4.58,6.5,6.1,31,1.6,1.53,2.63,2.49,20,-1,1.84,1.8,2.11,2.07,1.49,4.42,7.48
SP1,14/04/2019,Valladolid,Getafe,2,2,D,1,1,D,8,8,4,3,22,18,5,3,4,4,0,1,3.2,2.9,2.55,3.1,2.95,2.55,3.2,2.95,2.5,3.35,3.03,2.52,3.2,3,2.45,3.3,3,2.55,33,3.35,3.23,3.05,2.97,2.59,2.5,31,2.85,2.73,1.5,1.45,18,0.25,1.82,1.78,2.17,2.11,3.2,3,2.64
SP1,15/04/2019,Leganes,Real Madrid,1,1,D,1,0,H,5,13,2,6,11,12,1,5,0,3,0,0,5.25,4.2,1.6,5,4.25,1.62,5,4.1,1.65,5.19,4.21,1.67,5.25,4.2,1.6,5.2,4.2,1.62,32,5.4,5.08,4.35,4.15,1.68,1.64,31,1.7,1.65,2.35,2.24,19,1,1.85,1.79,2.13,2.08,5.08,3.94,1.73
SP1,19/04/2019,Alaves,Valladolid,2,2,D,2,1,H,10,12,4,7,17,16,5,7,3,5,0,0,2.1,3.2,3.75,2.1,3.2,3.9,2.15,3.1,3.8,2.2,3.23,3.83,2.15,3.1,3.75,2.2,3.2,3.8,35,2.23,2.17,3.23,3.15,3.9,3.75,33,2.55,2.45,1.6,1.55,19,-0.5,2.21,2.16,1.77,1.73,2.47,3.15,3.31
SP1,20/04/2019,Barcelona,Sociedad,2,1,H,1,0,H,11,9,4,2,10,12,4,2,0,1,0,0,1.22,6.5,13,1.22,6.75,11.5,1.25,6.1,11,1.24,7.03,11.48,1.22,6.5,13,1.2,7,13,35,1.27,1.23,7.3,6.74,13,11.64,32,1.4,1.36,3.35,3.11,21,-2,2.1,2.03,1.88,1.83,1.17,8.47,15.44
SP1,20/04/2019,Celta,Girona,2,1,H,1,0,H,13,9,8,1,7,10,5,1,2,1,0,0,2,3.75,3.5,2,3.7,3.6,1.97,3.7,3.65,2.03,3.88,3.63,1.95,3.75,3.7,2,3.8,3.75,35,2.05,2,3.9,3.72,3.8,3.61,34,1.72,1.68,2.3,2.18,19,-0.5,2.03,1.99,1.93,1.88,2.03,3.65,3.87
SP1,20/04/2019,Eibar,Ath Madrid,0,1,A,0,0,D,10,8,2,4,11,12,5,8,3,1,0,0,3.2,3.1,2.4,3.2,3.1,2.4,3.1,3.1,2.5,3.21,3.13,2.54,3.1,3.1,2.45,3.25,3.1,2.5,35,3.25,3.12,3.25,3.11,2.6,2.47,33,2.45,2.37,1.65,1.58,19,0.25,1.84,1.79,2.15,2.1,3.8,3.32,2.17
SP1,20/04/2019,Vallecano,Huesca,0,0,D,0,0,D,16,10,3,3,12,10,8,3,4,2,0,0,2.05,3.75,3.4,2.05,3.7,3.4,2.05,3.7,3.4,2.08,3.82,3.53,2.05,3.7,3.4,2.05,3.75,3.4,35,2.11,2.06,3.85,3.71,3.6,3.42,33,1.66,1.61,2.41,2.31,19,-0.5,2.1,2.05,1.87,1.82,2.11,3.85,3.44
SP1,21/04/2019,Betis,Valencia,1,2,A,0,1,A,23,4,7,3,19,13,8,2,4,2,0,1,3,3.3,2.4,2.85,3.3,2.5,2.85,3.4,2.45,2.98,3.46,2.5,2.88,3.3,2.5,2.88,3.4,2.45,35,3,2.88,3.5,3.37,2.54,2.47,33,1.95,1.87,2,1.93,19,0.25,1.8,1.77,2.16,2.12,3.45,3.48,2.23
SP1,21/04/2019,Getafe,Sevilla,3,0,H,2,0,H,10,12,3,2,19,15,2,7,3,6,1,1,3.1,3.4,2.3,3.1,3.3,2.35,3.15,3.25,2.35,3.17,3.39,2.41,3.1,3.3,2.35,3.13,3.3,2.38,34,3.22,3.12,3.47,3.3,2.43,2.35,33,2.2,2.1,1.79,1.74,18,0.5,1.68,1.63,2.4,2.34,3.09,3.27,2.53
SP1,21/04/2019,Levante,Espanol,2,2,D,0,1,A,19,14,5,7,13,15,12,7,4,1,1,0,2.3,3.5,3,2.2,3.6,3.1,2.3,3.6,2.95,2.33,3.77,3.03,2.3,3.6,3,2.3,3.7,2.9,34,2.35,2.3,3.77,3.62,3.1,2.97,33,1.7,1.64,2.35,2.25,19,-0.5,2.35,2.29,1.7,1.66,2.37,3.47,3.17
SP1,21/04/2019,Real Madrid,Ath Bilbao,3,0,H,0,0,D,11,5,4,3,12,16,8,2,2,4,0,0,1.45,4.33,7,1.45,4.4,7.5,1.55,4.2,5.8,1.51,4.38,7.22,1.44,4.6,7,1.5,4.6,6,35,1.55,1.49,4.75,4.41,7.7,6.67,34,1.59,1.53,2.65,2.48,21,-1,1.85,1.8,2.25,2.07,1.55,4.41,6.28
SP1,21/04/2019,Villarreal,Leganes,2,1,H,0,0,D,11,6,5,2,12,15,7,4,2,1,0,0,1.72,3.5,5,1.72,3.75,5,1.75,3.7,4.8,1.79,3.81,4.81,1.83,3.7,4.33,1.75,3.7,4.75,34,1.9,1.78,3.85,3.67,5,4.71,33,2.13,2.05,1.85,1.78,18,-0.75,2.07,2.03,1.9,1.85,1.89,3.39,4.91
SP1,23/04/2019,Alaves,Barcelona,0,2,A,0,0,D,6,17,1,6,19,9,1,4,3,1,0,0,7,5.25,1.4,7,5,1.42,6.2,5,1.45,7.5,5.06,1.43,7.5,5,1.4,7,5.2,1.44,34,7.55,6.96,5.3,5.01,1.45,1.43,34,1.55,1.5,2.75,2.56,21,1.5,1.79,1.74,2.2,2.14,7.9,4.61,1.45
SP1,23/04/2019,Huesca,Eibar,2,0,H,0,0,D,12,7,3,4,16,16,5,3,4,1,0,0,2.25,3.5,3,2.35,3.4,3,2.3,3.55,2.95,2.33,3.69,3.08,2.3,3.5,3,2.38,3.6,3,35,2.45,2.33,3.77,3.55,3.16,3,34,1.74,1.7,2.3,2.16,18,-0.5,2.37,2.31,1.69,1.65,2.18,3.76,3.33
SP1,23/04/2019,Valladolid,Girona,1,0,H,0,0,D,13,6,4,0,17,17,4,5,4,3,0,0,2.3,3.3,3.25,2.3,3.25,3.2,2.3,3.2,3.25,2.4,3.29,3.29,2.35,3.2,3.2,2.38,3.3,3.25,35,2.41,2.35,3.4,3.25,3.31,3.22,34,2.25,2.16,1.75,1.7,18,-0.5,2.41,2.35,1.67,1.63,2.47,3.27,3.19
SP1,24/04/2019,Ath Madrid,Valencia,3,2,H,1,1,D,14,12,6,4,17,13,4,3,3,3,0,0,1.8,3.4,5,1.85,3.4,4.6,1.85,3.4,4.55,1.85,3.57,4.87,1.85,3.4,4.6,1.87,3.5,4.75,35,1.95,1.86,3.57,3.43,5,4.63,33,2.38,2.25,1.71,1.64,19,-1,2.8,2.66,1.55,1.5,1.86,3.45,4.97
SP1,24/04/2019,Espanol,Celta,1,1,D,1,0,H,9,18,2,6,15,8,2,4,2,1,0,0,2.3,3.2,3.3,2.2,3.4,3.3,2.25,3.5,3.1,2.31,3.47,3.3,2.25,3.4,3.2,2.3,3.4,3.2,35,2.36,2.27,3.6,3.4,3.32,3.19,34,1.8,1.74,2.2,2.09,18,-0.5,2.31,2.27,1.72,1.67,2.13,3.59,3.61
SP1,24/04/2019,Leganes,Ath Bilbao,0,1,A,0,1,A,14,3,1,2,11,14,2,2,1,2,0,0,2.6,3,3,2.65,3,2.95,2.65,2.95,2.95,2.77,3.07,2.96,2.7,3,2.88,2.7,3.1,2.9,35,2.78,2.69,3.1,2.99,3.05,2.93,33,2.8,2.63,1.52,1.47,18,-0.25,2.32,2.27,1.71,1.68,2.97,2.92,2.89
SP1,24/04/2019,Levante,Betis,4,0,H,2,0,H,6,7,4,2,9,15,3,4,2,3,0,0,2.5,3.3,2.9,2.55,3.5,2.7,2.45,3.65,2.7,2.54,3.65,2.8,2.55,3.5,2.7,2.5,3.6,2.8,35,2.6,2.5,3.8,3.58,2.9,2.73,33,1.61,1.55,2.6,2.44,18,0,1.87,1.84,2.07,2.03,2.44,3.75,2.87
SP1,25/04/2019,Getafe,Real Madrid,0,0,D,0,0,D,9,12,5,4,17,15,9,4,1,3,0,0,4,3.6,1.9,4.1,3.7,1.85,4.05,3.7,1.87,4.12,3.82,1.91,4,3.7,1.88,4,3.75,1.87,35,4.25,4.08,3.88,3.71,1.93,1.87,33,1.88,1.82,2.06,2,19,0.5,2.04,1.98,1.93,1.88,3.76,3.64,2.06
SP1,25/04/2019,Sevilla,Vallecano,5,0,H,0,0,D,20,12,11,3,10,12,5,4,1,2,0,0,1.33,5.25,9,1.34,5.5,8,1.33,5.6,8.1,1.33,5.77,9.06,1.33,5.5,8.5,1.3,5.75,9.5,35,1.38,1.33,5.9,5.51,9.7,8.63,33,1.47,1.4,3.1,2.88,22,-1.5,2,1.88,2.05,1.97,1.24,7.22,11.48
SP1,25/04/2019,Sociedad,Villarreal,0,1,A,0,0,D,13,8,2,3,11,14,6,3,2,3,0,0,2.5,3.3,2.9,2.4,3.5,2.9,2.45,3.45,2.85,2.5,3.51,2.94,2.45,3.4,2.88,2.45,3.5,2.8,35,2.51,2.43,3.6,3.46,3.04,2.88,33,1.85,1.79,2.11,2.03,18,0,1.83,1.79,2.15,2.1,2.85,3.42,2.62
SP1,27/04/2019,Ath Bilbao,Alaves,1,1,D,1,1,D,14,14,1,3,14,17,8,6,2,2,0,0,1.45,4.2,7.5,1.5,4,6.5,1.53,4.05,6.9,1.52,4.46,6.82,1.47,4.2,7.5,1.53,4.2,7,34,1.55,1.52,4.46,4.13,7.5,6.86,33,2.25,2.16,1.75,1.7,21,-1,1.96,1.91,2.01,1.95,1.5,4.22,7.8
SP1,27/04/2019,Ath Madrid,Valladolid,1,0,H,0,0,D,13,13,1,4,19,12,7,3,4,2,0,0,1.33,4.5,11,1.35,4.5,9.25,1.36,4.65,10,1.34,4.94,11.89,1.36,4.5,11,1.36,4.8,11,34,1.4,1.35,4.95,4.64,12.5,10.77,33,2.1,2.05,1.85,1.78,22,-1.5,2.2,2.13,1.8,1.75,1.35,4.63,12.87
SP1,27/04/2019,Barcelona,Levante,1,0,H,0,0,D,23,7,12,2,17,12,6,3,4,3,0,0,1.2,6.5,11,1.22,6.25,10.5,1.27,6.2,9.8,1.28,6.33,10.46,1.25,6.5,10,1.25,6.5,11.5,34,1.29,1.26,6.75,6.23,11.5,10.41,33,1.41,1.38,3.2,3,21,-1.5,1.77,1.72,2.25,2.16,1.18,7.55,17.24
SP1,27/04/2019,Leganes,Celta,0,0,D,0,0,D,10,8,1,2,16,5,4,6,1,0,0,0,2.37,3.25,3,2.35,3.2,3,2.45,3.1,3.1,2.53,3.25,3.1,2.45,3.2,3,2.5,3.25,3.1,34,2.54,2.46,3.28,3.18,3.2,3.07,32,2.48,2.35,1.65,1.59,18,-0.5,2.52,2.45,1.63,1.58,2.46,3.13,3.35
SP1,28/04/2019,Girona,Sevilla,1,0,H,0,0,D,15,7,4,3,12,18,3,6,1,2,0,1,4.75,3.4,1.75,4.1,3.5,1.85,4.1,3.7,1.85,4.41,3.76,1.87,4.2,3.75,1.83,4.2,3.7,1.85,34,4.75,4.21,3.85,3.65,1.91,1.86,33,1.81,1.76,2.15,2.06,19,0.5,2.06,2.01,1.9,1.86,3.93,3.73,1.99
SP1,28/04/2019,Sociedad,Getafe,2,1,H,1,0,H,11,12,7,3,17,14,5,7,2,3,0,0,2.6,3.2,2.75,2.55,2.95,2.95,2.6,3.1,2.9,2.62,3.29,2.89,2.45,3.2,3,2.6,3.13,2.9,34,2.68,2.57,3.29,3.17,3,2.91,32,2.5,2.39,1.63,1.57,18,-0.25,2.25,2.2,1.76,1.72,2.99,2.86,2.94
SP1,28/04/2019,Valencia,Eibar,0,1,A,0,0,D,7,13,2,3,10,15,7,6,2,3,0,0,1.45,4.5,6.5,1.44,4.5,6.5,1.46,4.75,6.5,1.47,5.11,6.51,1.42,5,7,1.45,4.8,6.5,34,1.5,1.45,5.2,4.81,7,6.58,31,1.65,1.58,2.48,2.38,21,-1.5,2.32,2.23,1.75,1.68,1.49,4.48,7.25
SP1,28/04/2019,Vallecano,Real Madrid,1,0,H,1,0,H,11,9,5,3,21,6,6,6,2,5,0,0,7.5,4.5,1.4,6.25,4.75,1.42,6.4,4.95,1.45,6.69,5.23,1.45,6.5,4.8,1.44,6.5,5,1.44,34,7.5,6.65,5.25,4.91,1.48,1.44,32,1.5,1.43,2.95,2.76,22,1.5,1.8,1.75,2.17,2.13,6.21,4.88,1.5
SP1,28/04/2019,Villarreal,Huesca,1,1,D,1,0,H,18,13,5,3,15,22,0,1,5,2,0,1,1.55,4,6.5,1.55,4,5.75,1.57,4.4,5.4,1.59,4.54,5.57,1.55,4.4,5.5,1.57,4.4,5.4,34,1.61,1.58,4.57,4.3,6.5,5.52,32,1.62,1.59,2.5,2.37,21,-1,2.03,1.97,1.95,1.89,1.72,4.01,5.04
SP1,29/04/2019,Betis,Espanol,1,1,D,0,1,A,18,10,5,4,16,14,6,5,4,1,0,0,2.3,3.3,3.1,2.3,3.3,3,2.3,3.45,3.05,2.24,3.65,3.27,2.25,3.5,3.1,2.25,3.5,3.13,32,2.35,2.27,3.65,3.45,3.27,3.11,30,1.87,1.81,2.1,2,17,-0.5,2.35,2.27,1.71,1.67,1.85,3.86,4.4
SP1,03/05/2019,Sevilla,Leganes,0,3,A,0,2,A,7,9,3,5,11,23,3,4,1,1,0,0,1.36,5,8.5,1.36,5,8.75,1.4,4.75,7.9,1.39,5.17,8.22,1.4,4.75,8,1.4,5,8.5,35,1.44,1.39,5.2,4.9,9.15,8.21,33,1.8,1.69,2.3,2.18,22,-1.5,2.19,2.12,1.8,1.75,1.41,4.87,8.41
SP1,04/05/2019,Alaves,Sociedad,0,1,A,0,1,A,17,9,6,2,7,22,13,6,1,3,0,0,2.5,3.25,2.9,2.6,3.1,2.9,2.55,3.2,2.9,2.64,3.3,2.92,2.6,3.2,2.8,2.63,3.25,2.9,35,2.66,2.58,3.3,3.2,2.95,2.88,34,2.25,2.18,1.75,1.68,18,0,1.86,1.83,2.1,2.04,2.81,3.23,2.78
SP1,04/05/2019,Celta,Barcelona,2,0,H,0,0,D,14,8,6,1,11,13,11,1,1,5,0,0,2.15,3.6,3.25,2.1,3.6,3.4,2.15,3.6,3.3,2.15,3.77,3.38,2.15,3.6,3.3,2.15,3.7,3.4,35,2.17,2.12,3.8,3.65,3.48,3.32,33,1.75,1.7,2.25,2.15,19,-0.5,2.17,2.14,1.8,1.75,1.73,4.31,4.58
SP1,04/05/2019,Espanol,Ath Madrid,3,0,H,1,0,H,11,11,5,3,11,14,5,6,1,2,0,0,3.8,3.3,2.05,3.7,3.3,2.1,3.7,3.25,2.1,3.94,3.32,2.12,3.75,3.25,2.1,3.7,3.4,2.15,35,3.94,3.69,3.4,3.28,2.2,2.12,34,2.33,2.23,1.7,1.65,19,0.5,1.81,1.77,2.16,2.11,4.17,3.54,1.98
SP1,04/05/2019,Levante,Vallecano,4,1,H,2,0,H,12,20,7,3,17,12,6,7,1,4,0,1,1.95,3.8,3.6,1.95,4,3.5,1.97,3.9,3.5,1.98,4.17,3.56,1.95,4,3.5,1.95,4,3.7,35,2,1.95,4.17,3.96,3.7,3.52,34,1.55,1.5,2.7,2.54,19,-0.5,2,1.96,1.95,1.9,1.83,4.23,4.09
SP1,05/05/2019,Eibar,Betis,1,0,H,1,0,H,14,12,6,6,15,7,11,8,3,2,0,0,2.05,3.6,3.5,2.05,3.6,3.5,2,3.6,3.6,2.04,3.78,3.69,2.05,3.6,3.5,2.05,3.6,3.8,35,2.08,2.03,3.78,3.59,3.8,3.59,33,1.81,1.76,2.15,2.06,18,-0.5,2.1,2.02,1.91,1.84,1.95,4,3.77
SP1,05/05/2019,Getafe,Girona,2,0,H,1,0,H,13,4,8,2,15,13,1,3,3,3,0,1,1.8,3.6,4.75,1.78,3.5,5,1.8,3.4,4.85,1.85,3.39,5.19,1.75,3.5,5.25,1.83,3.5,5,35,1.87,1.81,3.6,3.44,5.25,4.9,33,2.41,2.33,1.65,1.6,19,-1,2.71,2.6,1.55,1.52,1.94,3.31,4.74
SP1,05/05/2019,Huesca,Valencia,2,6,A,0,5,A,24,10,4,7,10,9,7,5,2,1,0,0,3.5,3.4,2.1,3.4,3.6,2.1,3.4,3.55,2.1,3.37,3.68,2.18,3.25,3.6,2.15,3.4,3.6,2.1,35,3.5,3.35,3.7,3.54,2.24,2.13,33,1.81,1.76,2.15,2.06,18,0.5,1.8,1.75,2.19,2.13,3.99,3.96,1.91
SP1,05/05/2019,Real Madrid,Villarreal,3,2,H,2,1,H,24,15,11,7,9,14,8,3,0,3,0,0,1.7,4,4.75,1.67,4,5,1.7,4.05,4.7,1.7,4.1,5.07,1.65,4.2,4.8,1.7,4.3,4.8,35,1.75,1.69,4.3,4.04,5.07,4.78,33,1.55,1.49,2.75,2.58,20,-1,2.21,2.16,1.78,1.73,1.89,3.75,4.33
SP1,05/05/2019,Valladolid,Ath Bilbao,1,0,H,1,0,H,10,9,3,1,14,22,1,3,5,5,0,0,2.9,3.1,2.6,2.8,3.1,2.7,2.85,3,2.65,2.89,3.18,2.75,2.8,3.1,2.7,2.8,3.1,2.7,35,3,2.84,3.18,3.07,2.76,2.68,32,2.65,2.52,1.56,1.52,17,-0.25,2.5,2.4,1.64,1.61,2.97,3.24,2.64
SP1,12/05/2019,Ath Bilbao,Celta,3,1,H,3,0,H,8,3,4,2,16,18,3,3,4,3,0,0,2,3.5,3.8,2.05,3.4,3.75,2,3.4,3.85,2.02,3.58,3.96,2,3.5,3.9,1.95,3.5,3.9,35,2.05,2.01,3.6,3.45,4.05,3.84,34,2.15,2.09,1.8,1.74,18,-0.5,2.05,2,1.92,1.86,2.05,3.43,4.05
SP1,12/05/2019,Ath Madrid,Sevilla,1,1,D,1,0,H,11,11,4,5,16,12,5,7,5,4,0,0,2.1,3.6,3.4,2.15,3.6,3.3,2.1,3.5,3.5,2.1,3.68,3.6,2.15,3.5,3.3,2.1,3.6,3.4,34,2.16,2.11,3.68,3.52,3.6,3.48,32,1.9,1.85,2.04,1.95,19,-0.5,2.15,2.09,1.85,1.78,1.97,3.7,4.01
SP1,12/05/2019,Barcelona,Getafe,2,0,H,1,0,H,13,11,8,0,9,13,4,3,1,3,0,0,1.53,4.33,6,1.5,4.5,6.25,1.53,4.35,5.8,1.56,4.48,6.04,1.53,4.33,6,1.53,4.4,5.75,34,1.59,1.53,4.55,4.37,6.45,5.96,32,1.7,1.63,2.35,2.27,21,-1,1.93,1.87,2.04,1.98,1.48,4.47,7.66
SP1,12/05/2019,Betis,Huesca,2,1,H,1,0,H,17,9,8,2,13,15,9,2,3,5,0,1,1.55,4.33,5.75,1.57,4.33,5.5,1.57,4.5,5.2,1.58,4.93,5.14,1.53,4.75,5.25,1.55,4.5,5.4,34,1.6,1.57,4.93,4.55,5.75,5.23,32,1.6,1.53,2.6,2.46,21,-1,2.01,1.95,1.98,1.91,1.51,4.87,6.1
SP1,12/05/2019,Girona,Levante,1,2,A,0,0,D,14,6,6,2,15,16,9,2,2,3,0,0,2.15,3.6,3.2,2.25,3.4,3.2,2.2,3.65,3.1,2.27,3.58,3.28,2.2,3.5,3.2,2.2,3.6,3.1,34,2.28,2.22,3.75,3.58,3.28,3.15,33,1.66,1.62,2.4,2.29,19,-0.5,2.26,2.21,1.75,1.71,2.15,3.63,3.5
SP1,12/05/2019,Leganes,Espanol,0,2,A,0,1,A,11,19,4,7,11,9,6,7,4,1,1,0,2.4,3.5,2.87,2.45,3.25,2.95,2.45,3.3,2.9,2.58,3.32,2.98,2.5,3.4,2.8,2.4,3.5,2.9,34,2.58,2.49,3.5,3.29,3,2.92,32,2.04,1.96,1.92,1.85,18,0,1.82,1.78,2.15,2.1,2.39,3.31,3.29
SP1,12/05/2019,Sociedad,Real Madrid,3,1,H,1,1,D,19,6,7,2,12,16,5,2,1,2,0,1,3,3.6,2.3,2.9,3.75,2.3,2.95,3.7,2.25,3.09,3.86,2.26,3,3.7,2.25,3,3.75,2.25,34,3.11,3,3.86,3.69,2.35,2.26,32,1.62,1.57,2.5,2.4,19,0.5,1.72,1.68,2.31,2.25,2.72,3.95,2.48
SP1,12/05/2019,Valencia,Alaves,3,1,H,2,1,H,10,10,4,3,9,14,7,4,2,5,0,0,1.4,5,7.5,1.4,5.25,7,1.4,5.1,7.5,1.41,5.48,7.14,1.38,5.25,7.5,1.36,5.2,8,34,1.43,1.39,5.5,5.14,8.5,7.52,32,1.65,1.6,2.45,2.34,22,-1.5,2.13,2.07,1.85,1.79,1.29,5.64,12.31
SP1,12/05/2019,Vallecano,Valladolid,1,2,A,0,1,A,16,9,5,6,13,9,4,2,2,2,0,0,4.2,3.8,1.8,4.2,3.9,1.8,4.05,3.8,1.85,4.09,4.09,1.85,4,4,1.8,4.1,3.8,1.83,35,4.2,4.02,4.09,3.88,1.9,1.85,34,1.75,1.71,2.25,2.13,19,0.5,2.07,2.03,1.9,1.85,4.45,3.99,1.81
SP1,12/05/2019,Villarreal,Eibar,1,0,H,0,0,D,11,4,3,0,11,14,5,3,3,2,0,0,1.6,4.33,5,1.6,4.4,5,1.6,4.25,5.1,1.61,4.7,5.08,1.62,4.4,4.8,1.62,4.33,5,35,1.65,1.61,4.7,4.36,5.3,5.01,33,1.6,1.55,2.55,2.43,21,-1,2.15,2.06,1.9,1.81,1.57,4.5,5.88
SP1,18/05/2019,Alaves,Girona,2,1,H,1,0,H,14,13,7,4,13,10,6,4,3,3,0,0,2.25,3.5,3.1,2.3,3.5,3,2.3,3.5,3,2.38,3.66,3.01,2.3,3.5,3,2.38,3.6,3,39,2.38,2.31,3.75,3.56,3.1,2.99,37,1.81,1.76,2.15,2.05,19,-0.25,2.07,2.03,1.9,1.85,2.21,3.5,3.47
SP1,18/05/2019,Celta,Vallecano,2,2,D,0,1,A,14,11,5,4,16,20,3,5,0,4,0,0,1.45,4.75,7,1.45,4.75,6.5,1.48,4.75,6,1.49,4.87,6.45,1.47,4.75,6.5,1.5,4.8,6.5,39,1.51,1.47,4.95,4.76,7,6.31,36,1.5,1.45,2.85,2.66,21,-1.5,2.3,2.23,1.75,1.69,1.32,5.94,9.12
SP1,18/05/2019,Espanol,Sociedad,2,0,H,0,0,D,9,11,4,2,13,13,4,5,3,2,0,0,2.3,3.6,3,2.25,3.7,3,2.25,3.55,3,2.29,3.74,3.12,2.3,3.6,3,2.3,3.6,3.13,38,2.33,2.27,3.74,3.57,3.2,3.05,35,1.72,1.64,2.33,2.23,18,-0.25,2,1.98,1.93,1.89,2.03,3.91,3.61
SP1,18/05/2019,Getafe,Villarreal,2,2,D,1,1,D,17,8,5,4,16,20,6,4,2,3,0,0,1.61,4.2,5.25,1.62,4.1,5.25,1.63,4.05,5.1,1.66,4.18,5.34,1.63,4,5.25,1.67,4.2,5.2,38,1.67,1.64,4.3,4.11,5.47,5.14,36,1.8,1.72,2.2,2.11,20,-1,2.19,2.13,1.85,1.76,1.58,4.43,5.81
SP1,18/05/2019,Huesca,Leganes,2,1,H,0,1,A,15,9,6,1,18,12,4,6,0,1,0,0,2.5,3.75,2.62,2.5,3.7,2.65,2.5,3.55,2.7,2.59,3.72,2.71,2.5,3.6,2.7,2.55,3.75,2.7,39,2.6,2.53,3.75,3.55,2.8,2.7,37,1.75,1.69,2.25,2.15,19,0,1.92,1.87,2.05,1.99,2.58,3.52,2.83
SP1,18/05/2019,Levante,Ath Madrid,2,2,D,2,0,H,17,17,7,8,9,7,6,4,0,1,0,1,3.75,3.75,1.95,3.5,3.75,2,3.55,3.8,1.97,3.67,3.87,2.02,3.6,3.8,1.95,3.6,3.8,2.05,38,3.75,3.55,3.9,3.78,2.05,2,36,1.71,1.65,2.31,2.23,18,0.5,1.91,1.87,2.04,1.99,4.34,4.1,1.81
SP1,18/05/2019,Sevilla,Ath Bilbao,2,0,H,1,0,H,9,9,3,1,14,19,2,3,4,2,0,0,1.85,3.4,4.33,1.87,3.4,4.6,1.87,3.4,4.6,1.9,3.42,4.81,1.85,3.3,4.6,1.93,3.5,4.2,38,1.93,1.87,3.5,3.4,4.9,4.59,36,1.81,1.74,2.16,2.08,19,-1,2.7,2.6,1.6,1.53,2.17,3.08,4.15
SP1,18/05/2019,Valladolid,Valencia,0,2,A,0,1,A,19,9,4,6,12,10,8,2,1,3,0,0,8,5.25,1.36,8,4.75,1.4,7.5,4.85,1.4,8.05,4.91,1.42,8.5,4.8,1.38,8,5.2,1.4,38,8.6,7.8,5.25,4.84,1.42,1.4,36,1.69,1.63,2.33,2.25,20,1.5,1.78,1.74,2.2,2.13,8.01,5.13,1.4
SP1,19/05/2019,Eibar,Barcelona,2,2,D,2,2,D,15,6,8,3,11,3,5,2,4,2,0,0,3.6,4,1.9,3.7,4.1,1.87,3.75,4,1.87,3.83,4.2,1.89,3.7,4,1.88,3.7,4.1,1.87,39,3.85,3.73,4.2,4.03,1.94,1.88,37,1.5,1.46,2.85,2.65,19,0.5,2.03,1.98,1.92,1.88,4.96,4.55,1.65
SP1,19/05/2019,Real Madrid,Betis,0,2,A,0,0,D,9,9,2,7,17,11,1,5,4,1,0,0,1.57,4.75,4.75,1.57,4.75,5,1.6,4.55,4.95,1.59,5.09,4.86,1.57,4.8,4.8,1.57,4.8,5.25,38,1.62,1.58,5.09,4.73,5.25,4.91,29,1.33,1.3,3.7,3.42,23,-1,1.94,1.91,2.01,1.98,1.33,6.38,8.09
